LotArea,OverallQual,YearBuilt,TotalBsmtSF,GrLivArea,BedroomAbvGr,FullBath,GarageCars,Neighborhood,SalePrice
17795,10,1979,1307,3334,2,3,2,Suburb_A,592323.0
2860,10,2002,2284,3576,1,2,0,Suburb_A,553571.0
7390,9,1962,1217,2876,1,2,0,Rural,330453.0
13964,1,1970,1310,3897,3,2,1,Uptown,573501.0
13284,5,1968,770,1195,1,1,3,Downtown,310187.0
8265,4,2002,757,1034,1,1,3,Suburb_A,220368.0
18850,8,1968,135,1481,3,3,0,Rural,247469.0
6426,1,2006,791,3668,5,2,3,Rural,347414.0
16423,9,1974,170,2381,5,1,2,Rural,295495.0
13363,6,1980,2206,1001,3,3,0,Downtown,418220.0
18023,4,2004,2248,3269,4,3,0,Suburb_B,492310.0
10322,9,1972,1580,2735,1,3,0,Uptown,551810.0
3685,5,1981,961,3231,1,3,1,Suburb_B,403326.0
2769,5,2011,875,2165,3,3,3,Uptown,443325.0
4433,5,2023,2418,908,3,2,1,Uptown,359673.0
7311,1,1959,102,3553,4,3,2,Rural,311883.0
7051,1,2021,1001,942,5,2,3,Suburb_A,208704.0
8420,8,2003,1148,1035,2,1,1,Rural,207330.0
19568,8,2001,1481,776,5,3,0,Downtown,385058.0
8396,6,1969,657,738,1,1,1,Uptown,210850.0
10666,4,1981,1220,793,3,2,0,Suburb_A,236795.0
4747,2,1963,422,3857,4,2,1,Uptown,532035.0
2189,2,1999,170,3889,5,1,1,Uptown,552773.0
5005,9,1977,2220,3835,4,3,1,Rural,461455.0
3899,5,2002,452,1784,5,3,0,Suburb_A,254229.0
3267,4,1973,2397,1542,1,1,1,Suburb_A,297397.0
19912,10,1971,1975,1124,2,1,3,Uptown,399102.0
13394,1,1979,1657,2224,4,1,3,Suburb_A,342291.0
5556,7,2012,2053,3713,4,3,3,Suburb_A,550478.0
5890,3,1953,287,3562,2,3,0,Rural,324741.0
10838,6,2008,1641,2857,4,3,0,Suburb_B,438305.0
16502,5,1957,1447,1340,4,1,3,Downtown,409944.0
12627,5,1961,1913,1461,5,3,3,Suburb_B,330243.0
10792,5,1980,607,3946,5,2,3,Suburb_A,517620.0
12555,1,1983,456,1553,2,1,2,Uptown,311261.0
12253,1,1998,1764,1902,1,3,3,Downtown,437159.0
10433,3,2006,1225,1874,4,1,1,Downtown,408957.0
12233,10,1975,1235,3981,1,2,2,Uptown,681956.0
13016,4,1967,1029,2343,2,2,2,Downtown,454202.0
4612,5,1987,2423,3480,2,1,0,Uptown,623800.0
17787,2,1999,446,2787,5,1,1,Downtown,500027.0
19159,8,1957,834,1391,4,2,0,Suburb_B,324392.0
14206,2,1990,810,1145,3,1,0,Downtown,291712.0
10226,9,1955,1424,2444,2,2,1,Rural,320521.0
16541,2,2018,1411,1616,4,2,0,Uptown,375243.0
5152,9,1993,958,2527,1,3,1,Downtown,531241.0
3585,7,2013,1475,2153,5,1,1,Uptown,469593.0
5943,8,1978,808,656,1,1,0,Rural,177092.0
3021,2,1977,978,2759,2,3,3,Downtown,479991.0
13653,7,1960,2463,604,2,2,0,Downtown,390301.0
12805,6,2014,725,2037,1,1,2,Rural,278977.0
15417,4,1968,1216,3853,2,3,0,Rural,396140.0
9989,7,1958,2197,3684,4,3,1,Rural,444876.0
11692,4,1976,1903,1962,2,1,2,Uptown,434437.0
14990,2,1983,778,2420,5,3,1,Rural,276130.0
8873,10,1993,972,1882,4,2,3,Uptown,485392.0
7675,7,2017,1538,2737,3,3,3,Suburb_B,448914.0
2161,8,1964,1416,3263,2,2,2,Downtown,610589.0
6297,2,2000,2123,3538,2,2,3,Downtown,630331.0
2995,5,1962,598,3345,5,1,3,Suburb_A,424787.0
13534,1,1998,224,1873,5,3,0,Suburb_B,267041.0
9629,7,2019,1553,3926,1,2,0,Rural,418852.0
3016,8,2005,2160,3545,1,2,3,Rural,425505.0
10529,6,2000,2298,3618,1,3,3,Suburb_B,553044.0
19262,5,1986,840,1731,5,2,0,Rural,280202.0
11268,6,1966,1814,1267,1,3,3,Suburb_A,314870.0
14185,2,2007,713,3241,1,1,3,Uptown,483909.0
8331,1,1978,1106,3236,3,2,1,Downtown,563163.0
10571,7,1982,124,3132,1,2,3,Suburb_B,387825.0
9208,7,2009,1092,3629,2,3,2,Downtown,650469.0
7276,10,2004,1279,3619,5,3,1,Uptown,692024.0
18448,10,1959,1750,1881,4,3,2,Suburb_B,427429.0
18216,2,1996,29,3286,3,3,3,Uptown,511188.0
10006,2,1972,2328,1596,5,2,0,Rural,248829.0
4568,1,1970,2017,2526,5,1,1,Rural,286057.0
4027,10,1962,2415,881,2,1,0,Rural,226753.0
4695,8,1982,494,3633,1,1,1,Uptown,563029.0
17422,8,1973,1609,3759,2,1,0,Uptown,665369.0
7258,1,1960,717,1827,1,3,1,Uptown,290666.0
8736,8,1966,1016,2663,1,2,1,Downtown,525107.0
2391,9,2017,1337,3822,5,2,2,Uptown,637311.0
15986,4,1996,605,1535,1,2,0,Rural,208467.0
14666,1,1974,374,853,3,3,2,Suburb_A,184462.0
7892,1,2022,1960,1811,3,2,2,Uptown,417770.0
5561,3,1970,1048,928,3,3,0,Suburb_A,215068.0
8184,5,1961,1357,3191,5,2,1,Rural,345570.0
10392,5,1986,115,3430,2,1,2,Uptown,512475.0
15067,9,1991,2095,3644,4,3,0,Downtown,769977.0
17265,10,1966,1801,2020,1,2,1,Downtown,552419.0
4454,2,1997,2146,2140,4,1,2,Suburb_A,372287.0
13837,2,1977,1482,3492,2,1,2,Downtown,614754.0
16039,6,1990,1546,1792,2,1,2,Downtown,459393.0
12965,9,1996,1620,2316,5,3,1,Downtown,572423.0
11762,1,1967,2452,3013,3,3,2,Rural,347336.0
7056,9,2020,684,1801,3,2,1,Downtown,427520.0
16948,9,1962,1471,1254,2,1,3,Suburb_B,304064.0
10110,9,1962,1599,1985,5,2,2,Uptown,511989.0
15773,5,1980,2305,1359,5,2,3,Downtown,462836.0
19412,9,1951,2168,3286,1,1,0,Downtown,698771.0
2502,4,1965,809,2398,3,2,2,Downtown,434463.0
8910,2,1958,977,1663,2,3,0,Suburb_B,262103.0
14685,6,2022,2101,3571,4,2,0,Downtown,734230.0
2206,4,1987,1354,1015,3,1,0,Downtown,300251.0
19868,6,2003,783,854,1,3,3,Uptown,324781.0
17934,3,2005,240,1766,5,3,1,Suburb_B,273760.0
19247,6,1994,1778,2476,2,2,3,Suburb_B,429892.0
10755,2,1983,1553,3357,3,2,3,Downtown,597023.0
14383,2,1958,482,3224,4,3,0,Suburb_B,394911.0
16820,9,1957,1012,1499,1,2,2,Suburb_A,356118.0
9574,7,1956,186,2658,1,1,1,Suburb_B,357199.0
8374,3,1985,1881,625,3,2,0,Suburb_B,232789.0
3678,1,1967,2309,3604,4,2,1,Suburb_B,466198.0
3059,8,1952,952,1020,1,3,3,Rural,185654.0
18198,6,1977,1387,1844,2,2,1,Rural,283511.0
11914,7,2019,490,2476,1,2,1,Rural,294197.0
12817,9,1993,430,3143,4,2,2,Suburb_B,456895.0
12921,5,1970,238,1860,5,1,0,Suburb_A,296243.0
11789,1,1977,2351,2884,5,2,1,Suburb_B,420861.0
18312,10,2003,2345,1608,3,1,1,Downtown,542928.0
13252,7,2003,75,818,4,1,3,Suburb_A,237173.0
4693,5,2014,1356,2110,1,1,3,Rural,285762.0
15931,3,1970,1923,2559,1,1,1,Uptown,480147.0
5627,9,1962,1781,3108,5,3,0,Suburb_A,511575.0
18157,1,2006,826,1262,5,1,1,Rural,208744.0
12173,1,1998,2330,3282,2,2,1,Suburb_A,473909.0
12230,1,2003,590,3815,5,1,2,Suburb_A,457781.0
17707,3,1959,2119,1589,2,2,0,Suburb_B,328350.0
13494,6,2002,1902,788,1,1,2,Downtown,361213.0
3306,10,1993,1910,854,2,3,0,Uptown,345223.0
8776,3,1996,574,667,2,1,0,Rural,102482.0
11474,8,2002,891,1215,3,1,0,Suburb_A,287343.0
9526,10,2023,2059,2983,5,3,2,Uptown,640886.0
7530,2,1995,140,3318,2,1,2,Suburb_A,365265.0
5748,9,1962,1789,3468,1,2,2,Downtown,675325.0
15545,3,1986,16,1473,4,1,3,Uptown,302289.0
2663,5,1973,1086,2947,2,1,2,Rural,310006.0
3998,10,1951,252,2225,5,1,3,Suburb_A,390336.0
9994,8,1963,464,956,3,3,3,Downtown,297333.0
19879,2,1959,375,855,1,1,3,Uptown,245017.0
5304,6,1984,1827,1607,3,1,1,Suburb_A,324875.0
15808,5,1974,519,3000,4,2,1,Suburb_A,418843.0
8585,10,1952,1860,2355,2,1,1,Rural,310908.0
19675,9,1966,89,3171,2,1,3,Downtown,605836.0
13649,5,1961,719,3597,5,1,3,Suburb_B,439937.0
3636,2,2003,629,3403,2,1,0,Suburb_A,416048.0
19082,5,1973,1884,883,1,2,3,Uptown,321480.0
6737,4,1978,75,3983,4,2,1,Rural,339700.0
16555,7,1992,925,698,3,3,3,Rural,179836.0
15877,6,1974,2447,796,4,1,3,Suburb_A,300873.0
2854,2,2009,1805,3129,2,3,0,Suburb_A,451213.0
7855,5,2014,969,1477,3,3,3,Suburb_A,323804.0
9392,7,1977,1094,3897,5,1,2,Suburb_B,508035.0
15949,7,1965,2028,2468,4,2,0,Suburb_A,452154.0
7791,5,1996,1404,3262,3,2,3,Downtown,624463.0
6931,9,2007,194,3265,3,1,3,Uptown,544963.0
2202,4,1976,227,1988,3,1,0,Suburb_A,274726.0
13447,3,2002,1459,3015,1,2,3,Suburb_B,425243.0
14688,4,1991,460,1169,4,1,1,Uptown,277493.0
6389,5,2008,617,3237,3,1,2,Rural,309413.0
4327,6,1996,63,3746,4,1,2,Suburb_A,467505.0
10004,3,1983,2212,1665,3,2,1,Uptown,417111.0
9777,2,1986,2074,1021,5,3,3,Rural,203289.0
2197,4,1955,284,3483,5,3,3,Suburb_B,387350.0
3930,5,1956,1683,1804,5,1,2,Downtown,427666.0
13774,4,1974,2328,1144,2,2,3,Suburb_A,337781.0
17087,3,1982,837,670,3,1,2,Downtown,275562.0
11339,8,2004,830,3776,2,2,2,Suburb_B,500011.0
13589,10,2007,1187,1823,4,1,1,Uptown,465805.0
17708,4,1956,223,3772,2,2,2,Uptown,576223.0
19043,2,2006,783,1367,4,2,3,Suburb_B,284091.0
4811,2,1961,949,2954,4,3,3,Suburb_B,357733.0
16243,1,1965,44,2306,4,1,0,Suburb_A,276850.0
8546,4,1992,1810,3024,2,3,3,Rural,326535.0
3986,10,1956,470,1254,3,3,0,Downtown,345457.0
10338,9,2000,2081,3325,2,2,2,Downtown,724159.0
13411,7,2022,829,3046,3,1,3,Uptown,545132.0
4911,10,1981,1909,2396,3,2,1,Uptown,515842.0
3734,7,1957,2268,820,4,2,1,Suburb_A,287884.0
10680,7,2021,1891,781,2,2,1,Suburb_B,273626.0
7759,8,1994,691,906,3,1,2,Downtown,300912.0
4385,1,2008,1390,3169,5,1,2,Suburb_A,416798.0
13111,10,1953,931,2019,3,2,0,Uptown,456661.0
6736,10,2016,840,1613,5,1,1,Uptown,417492.0
3802,8,1978,1938,2651,2,2,0,Downtown,563766.0
10155,4,1978,1573,3510,2,1,0,Uptown,562143.0
10120,4,1977,2286,1447,2,1,3,Uptown,421013.0
8616,4,1993,2488,1403,3,3,3,Rural,260187.0
16257,6,1953,147,3952,1,2,1,Suburb_B,478166.0
16486,7,1958,1032,814,3,3,2,Uptown,325490.0
18646,6,1954,1311,3619,3,3,3,Rural,385150.0
16075,1,2005,387,2043,4,2,2,Suburb_A,301755.0
11208,8,1999,1873,700,4,2,0,Uptown,313547.0
18371,10,1964,915,3610,3,1,0,Suburb_A,536942.0
13835,7,1981,1878,1172,5,2,0,Uptown,407872.0
15168,6,1977,277,1932,4,3,0,Downtown,402505.0
4049,6,1971,1977,1257,3,3,1,Rural,210490.0
7423,5,1966,1859,3586,1,2,0,Rural,413312.0
16589,6,2008,1825,2133,5,3,3,Downtown,538654.0
9158,9,2020,1833,3734,2,1,0,Suburb_B,516617.0
12248,10,2006,617,2256,3,3,2,Rural,337498.0
9400,9,1975,1630,825,3,1,3,Suburb_A,273998.0
11874,10,1974,2182,704,5,3,2,Rural,276584.0
17151,8,1959,579,2597,4,1,2,Suburb_B,402553.0
3154,10,1994,1170,1371,4,1,1,Suburb_A,337407.0
6499,9,1960,489,3926,4,2,1,Suburb_A,531254.0
8295,10,2002,1182,1028,2,1,2,Downtown,397017.0
14183,8,2021,383,1033,5,2,2,Uptown,312731.0
14874,8,2017,162,1830,5,3,0,Downtown,425331.0
7539,1,1977,2488,3699,4,3,3,Uptown,603840.0
11637,10,2014,1876,3329,4,3,0,Downtown,734699.0
17586,5,1998,1212,3235,1,1,1,Uptown,566171.0
4557,4,1996,2462,3740,1,3,1,Rural,399285.0
7592,2,2001,1362,1465,3,3,0,Suburb_A,246834.0
18482,8,2003,1630,3393,3,2,3,Uptown,663457.0
4200,3,2009,1204,3838,5,2,2,Rural,408923.0
16172,4,2006,287,3511,5,3,0,Suburb_B,441045.0
4961,7,1996,1857,3015,2,3,1,Downtown,610249.0
16207,10,1980,186,850,2,1,3,Suburb_B,228698.0
13969,9,1995,1907,3506,1,1,1,Rural,441467.0
4869,2,1975,1161,1455,3,3,3,Suburb_B,242089.0
19340,3,1954,129,1793,1,2,3,Suburb_B,261142.0
15992,4,2001,2241,3761,1,3,3,Rural,449757.0
7699,10,2003,2363,1160,3,1,0,Suburb_A,361489.0
5987,1,1982,1887,2069,2,2,0,Uptown,385461.0
15446,7,1999,143,2941,3,2,0,Downtown,528911.0
3218,2,1987,15,1518,4,1,3,Uptown,278366.0
6735,5,1976,2470,1773,4,3,3,Downtown,480918.0
13296,1,1964,244,3803,4,3,1,Uptown,533873.0
6555,3,2010,926,1032,5,3,2,Suburb_B,203342.0
11146,2,1970,2176,2706,2,1,0,Suburb_A,431294.0
10050,1,1995,906,1568,2,2,3,Suburb_B,242987.0
14757,7,2018,886,1435,5,1,1,Suburb_A,304720.0
19429,5,1955,340,2846,1,3,1,Rural,318123.0
8893,1,1987,2051,2862,4,1,1,Downtown,521123.0
16373,6,2011,1433,1497,4,2,0,Downtown,439973.0
16565,5,2011,305,1071,1,1,0,Rural,164808.0
5436,3,2023,907,846,3,3,2,Uptown,234598.0
10754,7,1995,1371,3029,3,2,1,Rural,345632.0
12677,10,1962,320,1590,2,1,0,Rural,224100.0
7895,9,1952,558,3910,5,1,1,Suburb_A,522760.0
18609,9,1955,1204,1526,2,2,3,Rural,255117.0
17636,9,1957,1409,1791,3,2,1,Downtown,499560.0
9022,2,1993,1641,3207,1,3,2,Suburb_B,413293.0
11151,3,1982,1131,1674,2,2,0,Suburb_A,253170.0
7600,7,1999,2457,2434,4,3,3,Suburb_A,502124.0
9996,5,1960,817,1288,4,1,0,Uptown,304209.0
11007,2,1977,1194,3027,1,3,3,Suburb_B,433296.0
14946,3,2019,11,3121,3,1,1,Suburb_A,378591.0
6642,10,1990,194,3751,4,2,1,Rural,398824.0
13312,6,1965,2229,3344,4,1,2,Suburb_A,545658.0
9679,7,2017,655,2084,5,2,2,Suburb_A,362631.0
10208,9,1997,1921,3558,2,1,3,Suburb_A,542631.0
12716,1,2005,2077,1559,3,1,2,Uptown,367248.0
19453,7,2013,1619,1077,2,1,2,Suburb_A,325389.0
5444,8,2008,1119,3651,3,1,2,Suburb_A,529453.0
12757,3,2011,777,3573,4,3,2,Uptown,572743.0
16434,4,1960,443,1306,5,1,1,Suburb_B,251987.0
3060,10,1967,297,3885,2,3,2,Downtown,685186.0
5420,6,1968,807,3501,4,2,1,Uptown,554407.0
2301,10,2004,1760,1737,3,2,1,Uptown,428859.0
14468,7,1975,844,3664,2,3,0,Suburb_A,516418.0
18990,4,1955,1015,1353,2,2,1,Suburb_A,268100.0
2699,8,1953,1384,3150,4,2,1,Downtown,611827.0
2190,5,1978,1397,2259,2,1,2,Suburb_A,377886.0
12492,1,2008,553,3464,5,1,1,Rural,334134.0
19364,4,1966,2350,1187,5,1,3,Suburb_A,354245.0
4975,3,1992,420,1934,4,3,2,Suburb_A,276738.0
8102,9,2015,1269,2092,3,3,2,Rural,325827.0
19568,8,1983,1260,2447,4,2,2,Downtown,599731.0
3816,1,1957,184,3355,5,1,0,Rural,285678.0
2569,6,1962,467,3715,1,3,2,Uptown,595916.0
7442,9,1957,2410,3917,1,3,1,Rural,448550.0
3895,7,2014,1306,3755,2,1,3,Suburb_B,492897.0
5863,4,1992,1576,806,2,3,2,Uptown,294132.0
14913,1,1988,335,2798,1,1,2,Suburb_A,352195.0
9455,2,2008,2209,3315,5,2,3,Uptown,586631.0
6014,5,1993,1497,3175,2,2,2,Downtown,605997.0
13093,5,1958,2059,764,4,2,0,Downtown,348781.0
5009,8,1986,1447,3564,4,1,1,Rural,387972.0
18538,6,2023,587,2598,5,3,3,Uptown,515618.0
12729,8,1985,1881,3816,2,2,3,Suburb_A,597588.0
3409,2,1977,200,3657,4,2,0,Downtown,526685.0
14249,3,1991,521,2684,2,2,1,Suburb_A,378350.0
2784,6,1992,1887,932,2,3,0,Suburb_B,242122.0
10096,10,1991,1711,1002,4,3,1,Downtown,414956.0
9560,3,2015,787,1013,1,1,0,Rural,173010.0
14533,6,2004,59,644,4,2,2,Suburb_B,199592.0
9343,6,2021,577,2853,5,3,0,Uptown,474305.0
9206,2,1997,320,661,3,1,3,Suburb_A,152571.0
7801,7,1971,1458,3067,4,2,3,Downtown,626998.0
18921,2,1976,2037,1467,2,3,3,Suburb_B,317235.0
7986,6,2016,922,2091,2,3,0,Suburb_B,344115.0
12647,1,1962,1409,3467,4,1,3,Downtown,598958.0
10716,3,1994,1694,618,3,2,3,Uptown,270901.0
14323,2,1959,568,964,4,2,2,Uptown,243023.0
6780,7,1958,1101,3971,3,3,2,Rural,432440.0
4368,4,2003,526,3678,3,2,1,Uptown,556232.0
14039,8,1976,2172,3075,5,1,1,Rural,406478.0
8655,6,1983,870,1740,2,3,1,Suburb_B,302892.0
10173,10,1950,279,1179,2,3,0,Downtown,339414.0
6495,4,1981,1892,1145,3,1,1,Uptown,319486.0
12893,5,2020,1751,2329,2,3,0,Rural,328639.0
15403,9,2016,673,2972,1,2,0,Suburb_B,452564.0
15121,7,1969,1151,654,3,2,1,Uptown,281386.0
12966,10,1984,2361,1377,2,3,1,Suburb_A,393466.0
2853,9,1966,331,3639,1,1,0,Suburb_B,454233.0
18958,7,1967,1173,641,5,1,2,Uptown,312718.0
19532,1,1994,2039,1920,2,2,3,Suburb_B,352306.0
11907,8,2002,1477,830,1,1,3,Downtown,342816.0
6777,4,2017,35,1052,4,3,3,Downtown,257266.0
17338,3,2014,1708,3041,4,3,2,Downtown,634754.0
4491,7,1950,1443,2145,1,2,0,Suburb_A,384520.0
17328,3,2007,2253,1981,3,2,1,Downtown,477974.0
16599,8,1975,1379,2067,3,2,0,Suburb_A,396523.0
5051,6,1969,439,1751,2,1,0,Downtown,365913.0
17979,5,1959,1119,3338,4,3,1,Suburb_B,434331.0
18388,4,2008,163,3039,3,3,2,Uptown,486907.0
2876,8,1990,147,1816,3,3,3,Uptown,371082.0
6142,8,1954,2341,3251,4,2,3,Downtown,684960.0
17202,1,2014,194,1480,5,3,0,Uptown,294217.0
8966,9,1966,662,3749,3,1,2,Downtown,691822.0
9079,5,1971,479,684,1,1,3,Downtown,224711.0
9987,4,1990,122,1653,2,3,2,Rural,203573.0
8799,6,2017,1423,648,3,2,1,Rural,177858.0
6465,6,2018,964,1768,3,3,0,Rural,248213.0
19019,2,1960,1778,668,5,1,0,Suburb_A,228649.0
15417,8,2005,1485,3729,1,1,2,Rural,464353.0
10311,7,2000,2014,3344,2,1,3,Downtown,703475.0
19214,1,1970,709,3126,3,3,2,Suburb_B,377314.0
16098,5,1975,2443,3467,2,1,1,Rural,398175.0
7177,6,1968,911,3967,4,2,3,Rural,394271.0
16262,4,2009,1360,2301,3,3,3,Suburb_B,365250.0
10308,2,2020,2364,3842,3,3,2,Downtown,695455.0
7949,4,1996,1734,2198,4,1,1,Suburb_A,370996.0
3150,1,2020,1823,2794,5,1,3,Rural,301769.0
3931,7,1975,1579,3977,3,2,0,Suburb_B,510240.0
11204,2,1989,680,2469,2,3,1,Downtown,475224.0
3081,2,1954,1333,1615,1,1,3,Uptown,305352.0
18896,9,1970,555,3256,2,2,2,Suburb_A,486781.0
15407,5,1953,609,1045,5,1,3,Suburb_B,246696.0
9805,2,1972,2156,2868,1,3,0,Suburb_B,405472.0
7237,9,1964,371,2001,2,1,1,Suburb_B,298919.0
18943,9,1957,615,3937,2,3,3,Rural,428744.0
14775,1,1990,1914,2742,4,1,0,Uptown,522369.0
18244,3,1968,2253,861,5,3,3,Suburb_A,291711.0
15184,4,1995,846,2448,4,2,3,Downtown,486064.0
5343,7,1977,42,1496,1,3,1,Downtown,336994.0
15500,10,2017,864,1694,4,2,2,Uptown,441624.0
11662,4,1964,1268,2866,5,3,2,Suburb_B,458069.0
18964,2,1986,1378,2156,3,2,0,Suburb_B,326585.0
17125,7,1950,784,691,3,1,0,Suburb_B,239706.0
10130,6,2016,475,726,1,3,0,Suburb_B,212851.0
3679,3,1973,82,679,3,1,1,Suburb_B,123378.0
5506,6,1976,1133,2447,4,2,2,Uptown,466650.0
15284,6,1989,2237,3909,1,3,0,Rural,431438.0
9253,5,2012,799,1582,5,3,0,Suburb_A,292272.0
11435,4,2010,935,1515,1,1,3,Suburb_B,264693.0
13310,10,1985,2298,3133,1,3,3,Rural,430096.0
15296,1,1973,2338,1293,2,3,0,Downtown,360633.0
15245,10,1973,1668,624,2,1,3,Uptown,353072.0
13151,6,1953,325,755,1,3,3,Rural,158294.0
12457,2,2016,1534,3279,3,1,3,Suburb_B,450156.0
4479,3,1983,1985,2412,2,1,1,Suburb_B,369498.0
6452,8,2006,1964,2153,5,1,0,Suburb_B,391145.0
7881,10,1998,836,2566,4,1,0,Rural,329917.0
16069,6,2002,507,2333,2,1,3,Suburb_B,354780.0
4849,3,1972,2119,1680,1,2,1,Rural,252638.0
9390,7,2018,1270,2228,3,2,3,Suburb_B,387942.0
13922,4,2002,640,618,4,1,1,Downtown,249447.0
4489,9,2011,1878,2007,2,2,0,Downtown,511164.0
11823,5,1990,607,1816,3,2,3,Suburb_A,336817.0
11207,3,2006,1958,2884,3,3,0,Suburb_B,434672.0
11540,2,2009,565,2010,3,1,1,Suburb_B,260508.0
18364,2,2003,1367,876,1,2,2,Rural,173799.0
6611,3,2019,2101,3898,5,3,1,Rural,419237.0
7878,2,2006,1753,1344,3,3,2,Suburb_B,274119.0
18347,4,1959,1581,1151,4,1,0,Suburb_A,282763.0
2851,2,1989,1986,3994,2,1,0,Suburb_B,474189.0
8833,10,1956,2240,1776,4,3,3,Rural,323705.0
13938,9,1987,2105,1238,1,1,2,Suburb_B,330234.0
4427,2,2010,128,836,1,1,1,Rural,125962.0
6000,9,1952,1872,1597,4,3,0,Suburb_B,332884.0
7052,6,2000,705,2702,5,3,2,Uptown,492094.0
4738,1,1996,851,2603,1,1,1,Rural,241388.0
7387,4,2017,7,2059,1,2,2,Suburb_A,318075.0
10002,1,1987,2076,3331,4,1,1,Uptown,577954.0
7536,6,1985,1135,2756,1,2,1,Suburb_B,369027.0
15479,4,1990,2178,1807,5,3,1,Rural,280543.0
5913,3,2018,2235,1991,5,2,1,Uptown,457459.0
19450,3,1962,1698,2606,5,3,2,Suburb_A,444772.0
12636,9,2007,1498,1821,2,1,2,Rural,299615.0
7726,6,1999,2259,1994,5,1,3,Uptown,487265.0
5373,9,1979,1644,972,5,3,2,Uptown,384563.0
14161,5,2011,275,3620,2,3,2,Uptown,583180.0
4082,2,1974,1702,2120,3,3,3,Downtown,445926.0
18281,8,1976,1795,2848,1,1,2,Suburb_B,447493.0
17305,5,2000,242,1448,5,1,1,Rural,182657.0
11817,2,2006,170,3156,1,2,0,Rural,288665.0
13261,4,1996,652,1945,4,3,0,Rural,217563.0
2417,9,1988,1932,2922,1,2,3,Uptown,585882.0
10808,4,1965,2235,2858,2,1,2,Suburb_B,429766.0
5267,4,1971,1109,1103,1,2,2,Suburb_A,263533.0
19209,2,2003,1499,3789,1,2,3,Rural,404537.0
7745,6,1970,2099,1302,1,1,0,Suburb_B,290092.0
13338,2,2021,2158,2689,3,1,1,Suburb_B,386313.0
2412,7,1965,1972,914,3,3,2,Downtown,348419.0
9543,3,2008,1066,3435,4,2,3,Rural,369801.0
9587,3,1980,2258,2976,2,1,1,Uptown,536221.0
2728,5,1991,2035,1640,1,1,3,Suburb_B,352537.0
13657,3,2023,857,882,1,2,3,Suburb_B,211578.0
7988,2,1981,1049,3590,1,1,3,Suburb_A,456749.0
4967,10,2008,298,857,1,3,0,Downtown,283435.0
16527,9,1983,923,1174,3,3,0,Suburb_B,308695.0
18048,2,1958,136,1173,4,2,3,Suburb_B,195320.0
19506,2,1960,1043,3259,5,3,2,Uptown,558419.0
19955,8,1959,2487,1642,2,1,1,Uptown,492702.0
7073,9,1966,210,2152,1,1,2,Suburb_A,342180.0
7104,7,2017,1574,3484,4,1,0,Suburb_A,540516.0
4143,3,1997,2482,1022,5,1,1,Suburb_A,270660.0
9357,9,2001,779,2089,4,2,3,Uptown,486926.0
14043,3,1974,1230,1996,3,3,2,Uptown,391468.0
5440,5,1970,2486,1357,5,3,2,Downtown,453908.0
7644,9,2014,1802,3410,4,1,3,Rural,416078.0
12518,3,2012,1065,1704,3,2,2,Rural,223935.0
16552,7,2000,410,2174,4,1,0,Downtown,436192.0
4914,1,1985,426,3071,4,1,3,Rural,280416.0
15584,4,2015,1471,1028,5,2,2,Uptown,332865.0
14144,4,1964,941,2621,3,2,3,Rural,306448.0
16397,7,1988,1907,803,1,1,1,Uptown,349552.0
10787,8,2019,741,2843,2,3,3,Downtown,570174.0
16191,1,1950,1392,3375,5,1,2,Suburb_A,485972.0
2728,5,1972,1243,2932,3,3,0,Downtown,532268.0
19749,7,1988,1600,2592,4,3,3,Rural,371735.0
2698,4,2006,1255,2843,3,2,3,Uptown,496060.0
9186,4,1983,327,906,2,2,2,Rural,146493.0
16512,4,1990,1466,2287,2,1,0,Rural,288116.0
15923,6,2022,2099,613,1,3,0,Suburb_A,261705.0
18779,7,1962,1966,2460,1,3,1,Rural,340825.0
9400,2,2019,375,3817,2,1,1,Suburb_A,430963.0
6171,5,1955,262,2561,5,1,2,Uptown,411713.0
6360,4,2001,266,1680,5,1,0,Uptown,301887.0
4502,3,1952,2406,1322,4,2,0,Suburb_A,309224.0
19101,7,2012,1944,1379,1,1,1,Downtown,444938.0
7486,6,1998,1893,1833,4,1,1,Uptown,426731.0
10335,7,1996,1901,1128,1,3,2,Downtown,412391.0
6491,5,2004,1652,1397,2,1,0,Uptown,349953.0
13130,6,2013,1444,943,5,3,3,Uptown,345184.0
9651,5,2014,45,1902,5,3,1,Suburb_B,295695.0
3167,7,2016,599,808,2,2,2,Rural,164371.0
3062,2,1964,719,1240,4,1,0,Rural,145097.0
13174,5,1981,1912,1911,4,1,0,Downtown,465565.0
6729,6,2017,1292,2899,3,3,1,Rural,355839.0
11348,6,1967,600,3936,1,2,2,Downtown,650990.0
7334,5,1992,380,2918,4,2,3,Uptown,487277.0
10924,10,1984,117,2547,2,1,1,Suburb_B,355522.0
6330,7,2007,2163,1519,4,3,2,Suburb_B,368070.0
8801,10,1982,259,2323,5,1,0,Uptown,442170.0
6846,8,1963,1098,2644,1,1,3,Suburb_A,424347.0
8731,7,1983,1503,1018,3,1,2,Suburb_A,277681.0
17368,5,2010,2352,2349,1,1,3,Rural,344333.0
19337,1,1953,2054,3442,5,3,2,Downtown,664053.0
4539,5,2008,365,3882,5,2,2,Suburb_B,466488.0
9056,10,1978,1657,1988,5,1,2,Rural,287540.0
13516,2,1955,1461,1699,5,1,2,Uptown,383905.0
13493,5,1998,2024,3992,2,1,3,Suburb_B,549227.0
3542,5,1989,2476,3372,3,1,1,Downtown,663448.0
15964,2,2014,790,3080,5,2,3,Downtown,569584.0
19575,5,2018,746,2756,5,2,2,Suburb_A,427979.0
8313,4,1976,2414,3288,4,2,3,Rural,401282.0
19924,1,1955,312,2145,3,2,3,Uptown,357571.0
15807,3,1962,537,1670,1,1,3,Suburb_B,266907.0
11580,1,2013,920,3026,3,3,2,Downtown,529023.0
19749,5,2011,1077,2450,3,2,3,Suburb_B,390791.0
10691,4,1968,1490,1719,3,2,0,Uptown,378570.0
9494,7,1992,2381,1557,5,1,2,Suburb_B,344730.0
6312,5,2023,797,702,5,1,3,Rural,168263.0
3324,10,1969,347,3539,2,1,0,Suburb_A,480570.0
5141,4,2017,272,3501,1,1,3,Suburb_B,416387.0
3810,2,1993,719,1769,4,3,1,Suburb_A,295470.0
8588,4,1972,1773,2503,3,3,3,Uptown,495533.0
7301,2,1951,684,3698,1,2,3,Suburb_A,447782.0
17485,8,1971,2126,2355,1,3,1,Suburb_B,420456.0
13714,3,2006,621,3177,2,2,2,Suburb_B,430085.0
6748,9,2021,2039,1278,4,2,1,Downtown,431973.0
11435,4,1956,946,2568,3,3,2,Suburb_B,373058.0
5709,6,2005,2405,1588,4,2,1,Suburb_A,355851.0
15116,10,2016,506,1705,2,1,3,Downtown,454159.0
11576,5,1965,1582,3075,5,2,3,Suburb_B,436711.0
12150,10,2000,243,2207,1,1,2,Suburb_B,368425.0
8530,1,2021,505,3469,3,3,2,Uptown,498197.0
12188,9,1961,421,2102,5,3,0,Downtown,492621.0
16683,1,2002,2264,2389,2,2,0,Uptown,461881.0
2504,8,1954,1872,1785,4,1,3,Uptown,453426.0
3214,9,1976,1192,1531,1,2,3,Uptown,375908.0
3531,9,1961,329,2025,3,3,0,Rural,245198.0
2823,1,1966,649,1661,5,2,0,Uptown,282967.0
19312,2,1955,1464,2578,5,2,2,Suburb_A,396628.0
7029,1,1954,390,3158,1,1,1,Suburb_B,331217.0
15428,10,2006,1519,3040,4,3,2,Rural,393468.0
18517,2,1977,380,2642,2,2,0,Uptown,425988.0
4105,10,2018,741,3360,4,1,3,Suburb_B,478343.0
5627,8,2008,2010,3141,4,2,0,Downtown,656814.0
14972,5,1982,819,3871,4,1,3,Downtown,668502.0
3852,7,2011,672,1878,1,1,3,Suburb_B,312884.0
6910,2,1999,1771,1802,1,2,3,Suburb_A,337145.0
13003,8,1968,1211,3194,2,3,3,Suburb_B,487140.0
15843,6,2018,929,1193,4,3,1,Suburb_B,277181.0
13704,8,2015,1539,3036,1,1,0,Rural,350375.0
17761,1,1996,912,2021,2,3,2,Downtown,385728.0
8190,1,1988,643,2805,2,1,3,Downtown,459580.0
19640,7,2017,426,1627,4,3,3,Uptown,374727.0
7645,8,1982,501,2814,3,2,2,Suburb_B,398300.0
11588,3,1962,729,1559,4,3,2,Suburb_B,286385.0
13829,5,2003,1283,3056,3,1,3,Suburb_A,446659.0
10053,1,1956,2118,3875,2,1,2,Downtown,644066.0
5330,7,1963,456,2841,1,3,2,Suburb_A,413216.0
10662,5,1968,2236,2882,5,2,1,Rural,322509.0
9114,8,2003,290,3365,2,1,2,Uptown,556387.0
15323,8,1969,919,1773,1,1,0,Suburb_A,356690.0
3353,9,1978,2339,3830,2,1,0,Downtown,729502.0
12975,7,1973,1969,3950,4,1,0,Rural,426384.0
13023,1,2012,755,1415,3,1,3,Suburb_B,245646.0
2667,3,2023,1658,1003,2,2,0,Rural,162258.0
11337,8,2006,1834,1492,1,3,1,Suburb_A,370857.0
15659,3,1957,1306,3325,4,2,0,Downtown,580034.0
5719,8,2011,1567,3982,5,2,3,Suburb_A,614051.0
9483,1,1978,1869,667,4,1,1,Suburb_B,206791.0
2539,5,2023,376,687,3,2,0,Suburb_B,166369.0
6964,4,1966,1179,2864,4,1,1,Downtown,548311.0
6835,5,2015,507,2648,5,2,1,Uptown,471623.0
8042,8,1955,1436,1758,1,1,3,Rural,272244.0
16837,10,2007,558,2320,2,1,3,Rural,288247.0
9312,4,2018,2307,1974,3,2,1,Suburb_B,356142.0
7320,4,1977,420,2787,5,2,0,Suburb_A,390312.0
15216,3,2011,1552,3265,3,3,3,Suburb_A,471281.0
4779,7,1990,303,2780,4,3,1,Uptown,464487.0
19308,3,2018,941,2243,3,3,2,Suburb_A,358706.0
3581,3,1990,1301,777,5,2,2,Rural,169261.0
14677,10,1998,1089,3457,2,2,3,Suburb_A,558505.0
7713,5,1998,2155,1981,2,1,0,Uptown,454489.0
18639,5,2020,2315,3027,3,3,2,Rural,386174.0
6804,6,1952,2269,1507,1,1,2,Suburb_A,340988.0
12136,8,1959,1827,3305,3,1,2,Rural,385743.0
2009,10,1984,1553,3097,4,1,0,Suburb_B,462710.0
7124,6,1951,692,1185,2,1,0,Suburb_B,230431.0
3015,1,1973,254,3110,2,3,3,Suburb_B,366361.0
4193,8,2023,1478,1589,2,1,3,Suburb_A,309393.0
10415,8,1987,2300,1731,1,2,2,Uptown,471567.0
15550,9,1971,256,2769,1,2,0,Rural,338389.0
16512,9,1975,2430,2664,5,2,1,Downtown,668539.0
6158,2,1992,441,1819,3,3,2,Suburb_B,260105.0
8970,2,2004,1881,2974,3,1,3,Suburb_B,413395.0
8938,3,1988,1113,917,4,3,0,Downtown,308971.0
15772,1,1978,2437,3456,2,1,3,Downtown,647220.0
12344,4,1969,581,2102,1,3,3,Suburb_A,329099.0
9266,4,1990,1735,2634,4,3,0,Rural,315260.0
10702,9,2003,18,3923,4,1,2,Suburb_B,499667.0
2384,9,1969,1124,2642,1,3,0,Uptown,519207.0
2404,9,1968,1380,1102,3,1,2,Suburb_A,273886.0
10175,10,2015,1565,2622,2,2,3,Suburb_A,480047.0
17158,7,1979,2080,718,3,2,0,Uptown,352598.0
14763,2,2002,1993,1309,4,2,1,Uptown,347510.0
11860,10,1983,1547,644,2,3,2,Uptown,344627.0
7989,5,1971,861,913,5,2,1,Downtown,322931.0
17106,4,2016,154,3850,4,1,2,Suburb_B,440145.0
19844,8,1955,904,1017,3,2,0,Downtown,355520.0
5636,2,1976,1269,3203,3,2,1,Suburb_B,407860.0
12916,6,1959,404,1701,3,3,0,Downtown,376859.0
6809,5,2022,843,925,1,1,2,Rural,212324.0
15456,2,1997,1782,2039,4,3,2,Suburb_B,362882.0
17444,10,2019,1564,2586,2,3,2,Suburb_A,476194.0
7997,1,2008,1184,3162,3,1,2,Suburb_B,361483.0
4048,8,2008,746,2861,3,3,3,Suburb_B,426130.0
14338,2,1951,1725,673,1,1,2,Suburb_B,189962.0
19100,7,1978,270,2202,2,2,1,Rural,293957.0
6544,9,2017,769,1108,4,1,2,Downtown,358376.0
6976,9,2014,1715,2979,5,1,0,Suburb_A,485145.0
14775,8,1975,1510,3764,1,1,3,Downtown,711257.0
12015,10,1959,171,1287,4,3,1,Downtown,390030.0
5419,9,2002,273,1256,5,1,3,Uptown,336856.0
16430,2,2008,2306,2142,3,1,3,Rural,329923.0
9239,6,1971,1158,1892,3,1,3,Uptown,405683.0
16489,4,2000,1706,1999,2,2,0,Rural,292557.0
18633,4,1997,1771,3675,5,1,3,Downtown,718979.0
12357,5,1970,421,3809,3,3,3,Downtown,654414.0
19154,3,1971,1444,3902,3,1,2,Rural,398991.0
6363,1,1979,1209,3247,2,1,0,Downtown,528965.0
12176,8,1974,2411,2152,4,2,1,Downtown,572254.0
19461,5,1977,2425,1675,3,1,1,Suburb_A,378900.0
10427,3,2014,579,924,1,3,1,Uptown,231255.0
10580,10,1994,890,1591,1,1,0,Uptown,360007.0
6858,7,2017,721,2593,4,3,1,Uptown,504821.0
12040,7,1956,880,1316,5,2,0,Suburb_B,281993.0
17254,1,1998,1121,3370,2,1,2,Suburb_A,427937.0
13470,9,1958,2007,876,1,2,2,Uptown,383466.0
3252,2,1985,2069,3183,1,1,0,Uptown,538877.0
8996,5,1950,1473,751,4,3,1,Suburb_A,252537.0
14173,5,1959,382,1554,5,2,0,Downtown,342669.0
6673,8,1985,2181,2106,5,1,0,Uptown,484365.0
17781,8,2022,1449,858,4,3,3,Downtown,398729.0
15051,7,1995,1590,2971,1,2,0,Uptown,578844.0
8881,7,1981,1786,3664,2,1,3,Rural,421994.0
8949,6,1981,143,1468,1,2,2,Suburb_B,286142.0
11521,6,1955,1886,1791,5,1,3,Uptown,419539.0
10017,9,1997,1702,1287,1,3,0,Rural,254326.0
8941,6,1987,1435,909,2,3,2,Suburb_A,238353.0
12209,2,1966,223,3450,3,2,3,Rural,332260.0
19715,2,2023,219,2102,1,2,0,Suburb_A,318634.0
11550,5,1976,178,3727,4,1,2,Uptown,582194.0
6637,4,2003,1654,3267,3,3,3,Suburb_A,488258.0
6854,2,1999,432,1072,4,1,0,Rural,114275.0
12320,3,1984,264,3967,4,3,0,Suburb_B,459478.0
6892,7,1974,953,3108,4,2,1,Downtown,591269.0
9043,8,1977,428,3995,1,1,1,Downtown,648726.0
18521,6,1964,2463,1413,5,1,3,Suburb_B,355757.0
6164,5,1953,2244,1445,3,3,3,Downtown,416203.0
9941,1,2022,1577,1764,2,3,3,Uptown,370087.0
16388,8,1976,479,1266,5,3,0,Uptown,364532.0
7569,3,1975,1353,2909,1,2,3,Rural,326777.0
6300,6,1968,889,2408,4,1,0,Rural,257056.0
8269,3,1966,924,2043,2,3,3,Suburb_A,313527.0
5818,7,1992,2170,2367,3,2,0,Rural,327789.0
14015,7,1990,1902,1864,5,3,0,Uptown,478110.0
14234,9,1991,1410,954,5,1,1,Rural,222679.0
8254,5,1999,1362,2472,2,3,2,Downtown,525166.0
19144,8,1989,777,2624,1,1,0,Suburb_A,419763.0
9350,10,1988,2395,3417,3,2,3,Suburb_A,546862.0
17183,10,1972,28,779,2,2,1,Uptown,276170.0
8238,8,2001,34,665,4,3,3,Rural,155185.0
8090,1,1996,1419,1419,3,1,3,Downtown,349632.0
13637,5,2012,588,1971,5,1,0,Rural,259548.0
14647,3,2018,903,770,2,1,0,Suburb_B,166732.0
11911,1,1992,2169,3121,5,3,2,Rural,369515.0
10472,4,1997,339,3181,5,1,0,Uptown,489821.0
5266,8,1983,174,1990,5,1,0,Rural,243850.0
2666,3,1989,1923,1730,1,1,2,Suburb_A,301280.0
6188,10,2010,1714,3086,5,1,3,Downtown,672150.0
19055,2,1999,596,1434,4,3,2,Uptown,342580.0
12161,9,2016,450,826,4,3,2,Suburb_B,253145.0
13314,10,2011,556,1041,3,1,2,Downtown,367384.0
14891,5,2007,1159,3043,5,1,1,Downtown,582036.0
6777,7,1982,1356,1327,5,2,3,Suburb_A,331754.0
5900,2,1965,2056,2204,2,2,1,Suburb_A,339416.0
15716,9,1997,2381,2731,1,1,1,Suburb_A,493453.0
8981,9,1959,1016,1636,3,1,0,Uptown,368792.0
8376,4,1987,2374,2432,5,2,2,Rural,334244.0
18907,4,1968,2062,2448,2,2,2,Downtown,574185.0
12160,6,1985,838,3340,1,1,1,Rural,345940.0
16124,10,2008,1637,1092,3,3,0,Rural,246045.0
18282,10,2012,225,3939,3,3,0,Suburb_A,583434.0
12488,10,1995,1813,2148,5,1,0,Rural,339942.0
7240,6,1952,2160,1743,3,1,3,Downtown,472545.0
12453,1,2023,2020,1569,2,2,1,Downtown,396431.0
12478,9,2014,1451,3000,3,2,3,Suburb_B,493531.0
14394,2,1957,2048,3728,4,3,0,Uptown,630400.0
6432,5,2000,2313,2687,2,1,0,Rural,328472.0
15568,9,2022,1514,1239,1,2,0,Uptown,391425.0
16178,4,1955,1231,772,1,3,2,Uptown,263109.0
19660,3,1988,1645,2170,5,3,1,Uptown,452857.0
2302,7,2009,1735,858,5,3,2,Uptown,333018.0
19022,6,1977,305,1116,4,2,3,Downtown,357019.0
2055,8,2003,2059,3377,1,2,2,Rural,384688.0
15013,3,1986,1723,1122,1,1,1,Suburb_B,265772.0
10717,5,1958,1689,2517,1,1,2,Uptown,471296.0
10150,10,2005,1517,3486,1,3,0,Suburb_B,493071.0
4125,4,2008,1391,2764,3,3,3,Downtown,551236.0
13479,4,1951,419,2831,2,2,3,Downtown,526035.0
17745,4,2010,2218,2529,2,2,0,Suburb_A,429970.0
18748,10,2007,133,1739,4,1,0,Uptown,381172.0
8809,8,2009,2030,2809,3,1,0,Suburb_A,484971.0
6621,6,1989,1450,3190,1,1,1,Suburb_B,425244.0
17034,3,1985,1553,3908,1,2,2,Rural,416096.0
15623,10,1986,1164,1438,5,3,3,Suburb_A,388474.0
7126,5,1967,1869,1689,5,1,2,Downtown,444346.0
7122,6,2012,1819,1693,4,1,0,Uptown,422864.0
19302,5,1971,1342,3094,1,2,0,Suburb_B,453043.0
7870,6,1960,1464,3063,4,1,2,Downtown,607999.0
3531,8,2007,2226,3179,3,3,3,Rural,406808.0
10172,7,2006,1079,3088,2,2,1,Uptown,563841.0
9673,5,1953,1178,3385,1,1,2,Rural,355639.0
8882,10,1956,1695,2569,3,1,0,Rural,350329.0
3906,6,2010,110,3111,1,2,0,Uptown,517153.0
5086,4,2003,2184,3043,5,2,1,Uptown,570189.0
15503,9,2017,2279,3358,4,1,2,Rural,417002.0
10152,4,1950,467,2174,5,3,1,Suburb_B,310583.0
7750,1,2004,813,2180,2,2,1,Uptown,358117.0
14772,7,1952,1272,3042,5,3,3,Downtown,628373.0
12267,7,1987,993,2973,1,1,3,Suburb_A,465039.0
3062,4,1950,2031,1714,5,3,0,Suburb_B,333483.0
19680,3,1987,322,1349,1,1,2,Uptown,287290.0
8229,8,1978,903,1693,2,1,3,Uptown,370432.0
18509,5,1954,1541,1789,5,1,0,Suburb_B,335654.0
17147,10,2023,1999,3289,4,1,2,Suburb_A,564219.0
6632,7,1970,1815,2861,4,3,0,Rural,359359.0
8288,4,2020,2476,2475,4,1,3,Downtown,568920.0
5596,4,2016,147,2387,5,1,0,Uptown,401623.0
13475,8,1996,1141,3016,5,3,2,Suburb_A,497444.0
8168,8,1984,849,2207,5,2,2,Downtown,488597.0
11795,2,2017,366,648,1,3,0,Suburb_B,130717.0
9561,2,2018,1089,1675,2,3,2,Uptown,348695.0
10258,3,1950,2038,1912,4,3,0,Rural,268946.0
18616,3,2017,174,2249,1,1,2,Suburb_B,304615.0
8371,1,1961,1854,3910,4,1,0,Uptown,610820.0
16369,3,2009,587,2780,1,1,0,Suburb_A,356385.0
14910,6,1976,494,3646,5,2,0,Downtown,622414.0
9943,8,2005,1137,3433,4,1,1,Downtown,654850.0
14199,10,1972,1784,1789,5,2,2,Uptown,486567.0
17728,6,1974,1170,1997,4,1,3,Suburb_B,352135.0
8738,5,1970,34,3020,3,3,0,Rural,296325.0
17913,4,2010,998,2428,1,1,1,Suburb_A,388464.0
4472,3,2012,1332,1078,3,2,3,Uptown,292796.0
17679,4,2001,1037,1431,1,2,0,Suburb_A,255192.0
3761,7,1974,373,3297,2,1,3,Downtown,554815.0
12167,1,2004,1451,2214,4,3,1,Rural,278344.0
12554,7,1995,1751,1281,2,1,3,Suburb_A,339133.0
19260,1,1981,2280,3335,2,1,0,Uptown,591543.0
16277,2,2004,704,1923,1,1,3,Rural,247545.0
5812,4,1954,562,681,3,3,3,Suburb_B,178671.0
19844,1,1985,1873,686,5,2,0,Uptown,284570.0
3605,9,1998,2123,2872,1,3,1,Suburb_A,477987.0
7622,6,2007,438,2663,5,2,1,Rural,265689.0
8767,1,1988,1883,1421,2,2,3,Uptown,319166.0
13613,1,2010,1979,762,5,2,2,Rural,177365.0
12589,6,1958,698,3161,3,3,3,Rural,329755.0
15918,4,1955,1312,2997,1,1,2,Rural,328163.0
15046,4,1984,1563,2532,3,1,3,Suburb_A,409385.0
4590,6,1988,691,3328,3,1,1,Uptown,542742.0
19447,7,1971,2300,2450,1,1,3,Downtown,588162.0
6324,9,1990,1200,2460,3,1,3,Downtown,547439.0
12787,10,1954,2457,1715,4,3,2,Suburb_A,427043.0
11111,5,1991,1634,2828,4,3,1,Suburb_A,439711.0
7342,9,2016,1633,3390,4,3,2,Rural,405008.0
18389,4,1979,126,3972,5,3,3,Uptown,582416.0
10659,10,2006,1506,3307,3,3,0,Uptown,649335.0
16043,2,2022,1191,3860,1,3,3,Suburb_B,515860.0
10837,3,1978,293,2482,1,3,3,Suburb_B,322862.0
2117,1,1986,1366,3985,5,1,2,Downtown,633348.0
15917,6,1962,1019,3140,1,2,0,Suburb_B,428456.0
16309,6,1981,2357,1522,4,3,0,Suburb_B,346127.0
15234,1,1995,418,2775,3,2,2,Downtown,481167.0
7560,3,1972,443,2049,1,3,1,Downtown,380694.0
2846,5,1994,684,2182,1,3,0,Suburb_B,264250.0
12954,3,1966,2283,1164,2,1,0,Uptown,323591.0
15703,10,2015,1462,3858,2,2,2,Suburb_B,538960.0
17385,3,1955,2261,3197,2,1,1,Rural,395003.0
15746,10,1967,84,3100,3,1,1,Rural,344064.0
8469,3,1971,1767,1070,4,2,3,Rural,209185.0
11333,5,1982,84,1587,4,1,3,Suburb_A,264084.0
18608,5,1979,1944,3385,4,3,2,Rural,426841.0
14819,4,1981,2112,2534,3,3,1,Uptown,537571.0
6208,1,1991,1669,823,3,3,2,Suburb_A,216529.0
8283,5,1959,662,2801,2,3,3,Suburb_A,428325.0
4048,10,1985,626,3207,1,3,2,Rural,364313.0
8233,5,1983,63,950,5,1,2,Suburb_B,169434.0
14941,4,2022,918,3818,5,1,0,Downtown,657495.0
14607,6,1977,1375,2528,1,3,0,Suburb_B,404446.0
11765,10,1960,1181,948,2,3,0,Suburb_B,275492.0
3828,4,1988,1612,781,1,1,3,Suburb_A,217505.0
3917,7,1996,490,1236,1,2,2,Suburb_A,276863.0
8988,7,1968,1878,1617,5,1,0,Suburb_A,332099.0
16594,2,1964,1940,2826,2,1,0,Uptown,464954.0
14977,3,1977,312,3710,3,1,0,Uptown,562141.0
2009,1,1973,918,1371,5,1,3,Downtown,275205.0
18644,8,2021,1882,3541,3,1,3,Suburb_A,571949.0
11865,9,1958,812,3674,2,2,2,Rural,395915.0
4219,4,1996,1489,1615,1,3,2,Suburb_A,324182.0
9041,6,1982,1326,2711,4,3,2,Uptown,543788.0
7287,9,2011,679,628,4,2,0,Suburb_A,210884.0
3619,6,1968,434,3019,2,3,1,Uptown,503989.0
10512,9,2016,681,2744,4,3,3,Suburb_A,475801.0
3342,4,2023,1158,2493,3,3,0,Rural,286070.0
12568,8,1989,1073,2065,4,2,0,Downtown,503574.0
16231,9,1996,1455,1826,2,2,2,Rural,316134.0
5490,4,2014,2387,3640,2,3,2,Uptown,643164.0
11310,5,1978,2394,2668,3,3,0,Suburb_B,438237.0
9984,8,1999,1370,3382,4,3,3,Rural,413958.0
19988,10,1962,648,1725,4,1,3,Suburb_A,343960.0
14219,6,1950,244,3717,1,1,0,Downtown,593591.0
2235,7,1983,2156,665,5,1,1,Suburb_A,245975.0
12161,3,1997,295,3250,2,2,1,Suburb_A,432504.0
3908,7,1997,2159,3835,1,3,3,Rural,433137.0
10567,8,1998,1612,1734,2,2,2,Downtown,481741.0
5530,10,2013,2390,937,1,2,1,Suburb_B,313064.0
7256,6,2010,2148,2770,5,2,1,Suburb_A,468911.0
10162,10,1978,1627,2328,1,3,2,Downtown,575597.0
7415,9,1988,27,1046,2,1,1,Suburb_B,209690.0
5391,6,1975,1985,3258,4,3,0,Suburb_A,497927.0
13157,9,1966,1560,3962,2,3,1,Downtown,756414.0
7951,4,2020,57,3318,3,2,2,Rural,313013.0
10007,8,1962,1521,3262,3,2,0,Suburb_A,505807.0
11064,4,2018,296,3544,3,2,1,Suburb_A,445874.0
17524,2,1975,2181,880,3,1,3,Downtown,372653.0
2077,10,1998,2296,3714,5,1,0,Suburb_A,593606.0
9577,9,2016,901,1195,4,1,0,Suburb_B,259304.0
18984,5,1956,1964,2586,4,3,3,Suburb_A,473485.0
16060,4,2007,1098,3350,2,2,3,Uptown,563395.0
19449,2,1998,1677,1674,1,3,1,Suburb_B,314773.0
12535,1,2002,1191,809,2,1,1,Downtown,240429.0
11510,7,2014,770,725,2,2,2,Suburb_B,191654.0
8943,6,2011,1526,1091,2,1,2,Uptown,334881.0
13954,2,1966,1378,3607,2,2,0,Uptown,544681.0
9804,8,1992,1248,1569,4,2,3,Suburb_A,354831.0
8565,4,1974,1554,1180,1,3,3,Suburb_A,279811.0
7984,8,1952,145,3424,2,3,2,Rural,343044.0
6670,7,1978,1983,2905,4,1,0,Suburb_B,474593.0
11184,5,1981,1264,1811,2,3,0,Rural,233785.0
4192,10,1975,1907,829,3,3,2,Uptown,358040.0
3248,10,1965,2391,788,2,3,2,Suburb_A,301556.0
13246,8,1974,1772,2657,2,2,2,Suburb_A,497872.0
14790,9,2003,1058,3785,5,3,1,Suburb_A,591904.0
5687,5,1977,2048,3747,3,1,0,Downtown,657008.0
6018,10,2022,2019,3323,1,2,0,Uptown,630824.0
13302,5,2005,152,1101,2,2,0,Suburb_A,208545.0
3970,2,2014,2476,2732,1,3,2,Uptown,510939.0
10389,5,1990,507,648,3,2,2,Suburb_A,179950.0
19586,3,2000,490,3485,2,1,2,Suburb_B,425736.0
17374,7,2020,344,3655,5,1,2,Uptown,624896.0
7788,10,1978,1935,1288,4,2,3,Rural,306000.0
7408,5,1968,1761,986,5,3,2,Downtown,339439.0
11446,8,2015,220,1569,5,3,1,Rural,222425.0
2922,1,1990,1938,1605,4,2,3,Uptown,360346.0
2419,3,1994,1942,2865,4,1,3,Suburb_A,408757.0
12789,3,1964,722,2324,4,2,2,Uptown,418114.0
3120,9,1952,527,2604,2,3,0,Downtown,511490.0
13260,5,1960,1522,3652,1,3,2,Uptown,632360.0
19334,9,2002,1664,3901,1,2,0,Suburb_A,603051.0
4336,9,1995,480,2902,4,1,2,Rural,320533.0
7373,1,1979,1871,2883,5,2,2,Suburb_B,401581.0
4243,2,2006,1462,3697,3,1,0,Rural,341504.0
6612,5,1967,1425,2207,4,1,0,Suburb_A,366384.0
15946,4,2000,344,3932,5,2,0,Suburb_A,524829.0
13104,10,1997,44,2389,5,2,0,Downtown,511736.0
15429,9,2015,2068,870,2,1,1,Uptown,372735.0
8371,7,1957,1657,722,2,1,0,Uptown,304862.0
8359,6,1971,1887,3303,1,1,2,Rural,412699.0
9863,7,1955,2095,1880,1,1,2,Suburb_B,365023.0
5228,1,2006,1514,2044,3,3,1,Suburb_B,317593.0
16382,1,1985,2334,858,3,2,0,Downtown,341582.0
4891,8,2006,1001,1547,3,1,2,Suburb_A,291303.0
5756,2,1998,1033,2694,3,2,1,Downtown,469562.0
17770,10,1994,2040,1462,5,1,2,Uptown,470067.0
18478,9,2015,273,1124,5,2,1,Suburb_A,304093.0
4674,7,1994,955,1487,1,2,1,Downtown,384561.0
8898,6,1969,1779,807,2,1,3,Rural,198458.0
12147,1,2013,380,3982,2,1,3,Uptown,551672.0
2793,1,2016,1352,3394,4,2,0,Suburb_B,389627.0
4116,2,1952,478,748,5,2,3,Downtown,214246.0
7779,6,2003,2062,1037,3,2,1,Uptown,342204.0
14298,6,2013,515,2802,3,3,2,Uptown,490980.0
16153,2,1989,190,3761,4,1,2,Suburb_B,450040.0
13111,1,2008,1191,2321,2,3,0,Suburb_B,342681.0
12789,10,2004,1160,957,3,3,3,Suburb_B,293779.0
13397,5,2011,2201,3845,2,1,0,Downtown,698625.0
14999,5,1953,1411,1840,4,1,1,Suburb_B,315001.0
2814,2,2009,271,2530,2,3,3,Rural,265233.0
18729,6,1979,142,1055,2,1,0,Uptown,277438.0
12541,9,1951,1912,3423,2,2,2,Suburb_B,516605.0
4443,2,2011,1092,2232,3,2,2,Uptown,396501.0
12457,10,1998,2294,1228,1,3,0,Suburb_A,337736.0
12380,2,1958,787,3870,5,3,0,Suburb_A,453514.0
9783,3,1980,2126,3479,2,1,0,Suburb_B,498773.0
13473,7,2010,1681,1085,2,1,1,Uptown,367268.0
19368,6,1997,622,3180,2,3,1,Suburb_A,467029.0
17328,8,1974,937,799,1,3,2,Suburb_B,248592.0
2827,8,1985,1118,970,4,2,1,Uptown,285852.0
9147,6,1957,616,1613,3,2,1,Suburb_B,289952.0
6451,10,2022,1031,2582,1,1,3,Uptown,503224.0
17343,3,2007,66,3500,2,2,1,Suburb_A,448178.0
15635,3,1994,190,2071,1,1,3,Suburb_B,289740.0
7959,1,2011,520,847,1,1,1,Suburb_A,158816.0
2126,7,1988,989,1387,1,1,2,Suburb_B,242707.0
10795,5,2007,1140,2911,4,2,0,Downtown,539065.0
13641,4,2013,2314,3729,5,3,2,Suburb_A,581041.0
9196,10,1993,1634,3973,3,3,1,Suburb_A,604594.0
13559,4,1978,1187,2678,4,2,0,Rural,310082.0
5368,4,2008,375,2121,4,3,0,Suburb_A,316378.0
5797,6,2020,652,1872,5,1,0,Uptown,345391.0
17114,8,1958,548,1204,4,3,3,Suburb_B,300835.0
15718,8,1955,1097,3942,1,2,2,Downtown,713869.0
3792,5,1978,72,2289,1,3,3,Uptown,398262.0
13053,6,2007,2355,2017,2,1,0,Uptown,450233.0
5476,4,1966,198,2420,4,1,2,Uptown,394750.0
5417,9,1965,1781,1101,2,2,2,Uptown,380036.0
3645,8,1952,571,3755,3,2,1,Downtown,615286.0
16755,10,1970,790,3533,1,2,3,Rural,398395.0
5072,10,2013,1638,1148,3,1,3,Suburb_A,313108.0
3854,1,1985,1831,1965,5,3,1,Uptown,406633.0
6662,2,2011,1855,1438,1,3,3,Suburb_A,301777.0
8514,9,1991,1510,2030,3,2,0,Suburb_A,417920.0
4708,8,1991,1174,2048,5,3,0,Uptown,450227.0
13694,3,2010,178,3764,3,3,3,Rural,374318.0
11524,8,1962,2244,1447,5,2,1,Suburb_A,390055.0
8456,1,1960,734,1213,5,2,2,Suburb_B,216158.0
6212,10,2003,2136,1011,1,1,3,Suburb_A,325726.0
15224,4,1965,798,3079,2,1,2,Uptown,498481.0
9970,3,1957,787,1277,5,1,1,Downtown,305659.0
18920,6,2008,208,758,5,1,2,Suburb_A,236628.0
3625,7,2006,492,2661,1,3,1,Rural,283484.0
12314,4,1989,1657,972,2,3,1,Suburb_B,263920.0
9973,7,2008,731,2872,4,1,0,Suburb_B,410105.0
10577,9,1951,1129,1696,4,1,0,Downtown,421306.0
10070,2,1959,1605,3920,2,2,1,Downtown,664330.0
10666,3,1993,593,3158,3,3,3,Suburb_A,430132.0
5600,5,1960,1215,1202,1,3,0,Uptown,293467.0
8783,3,1951,324,815,2,1,1,Rural,125852.0
15226,8,1999,978,2596,4,3,2,Suburb_B,418787.0
11146,10,1961,1749,2164,5,2,2,Downtown,571474.0
6971,8,1972,1850,2440,4,2,3,Rural,338074.0
15490,8,1967,1490,2562,5,3,2,Uptown,530314.0
19589,9,2011,893,3635,1,1,2,Suburb_B,515027.0
14951,4,2011,1390,3891,5,3,1,Suburb_B,517102.0
14312,5,1987,143,3487,2,2,2,Uptown,549064.0
3990,5,2016,383,1326,5,1,2,Suburb_B,247637.0
7299,8,1987,2263,1844,3,3,2,Uptown,479275.0
14997,7,2016,2371,3201,2,1,2,Suburb_B,501883.0
15472,9,2010,216,1665,1,1,1,Suburb_A,290148.0
6380,8,1950,1515,1275,2,2,2,Uptown,354052.0
6757,2,1994,2230,3520,3,1,3,Rural,378362.0
12395,10,1977,2317,882,1,3,0,Suburb_A,313601.0
18241,4,1970,1490,1681,4,1,3,Rural,272815.0
7588,6,1962,1635,3481,3,1,0,Suburb_B,476498.0
19350,2,1976,2352,3184,1,3,3,Rural,382306.0
6944,7,1956,1167,3744,5,2,0,Suburb_A,519844.0
15395,3,1971,110,2508,2,2,0,Uptown,399541.0
19072,3,2023,1013,3570,1,3,0,Downtown,636995.0
6243,2,2002,231,1752,2,3,0,Rural,200220.0
11916,8,1953,1714,3489,5,2,1,Downtown,692978.0
11984,6,1972,1755,1547,1,1,3,Rural,253549.0
3759,1,2019,1577,1264,4,3,0,Rural,194281.0
11181,1,1982,1296,2317,3,1,3,Uptown,411549.0
4482,7,1977,2220,1748,1,3,2,Suburb_B,370119.0
2951,8,1957,972,666,5,2,0,Suburb_A,240665.0
4079,5,1950,1030,2653,1,1,3,Suburb_A,385290.0
4717,5,1986,517,1236,2,1,1,Suburb_A,212814.0
11692,4,2012,913,913,1,3,3,Suburb_B,233900.0
9311,6,1971,2262,3997,4,1,0,Downtown,750796.0
2768,6,2019,2181,1164,1,3,2,Suburb_A,296745.0
7490,3,1970,2332,2201,3,2,3,Downtown,513676.0
17534,9,1984,1944,1425,1,1,2,Suburb_B,343915.0
8645,7,1954,1462,3153,2,3,1,Suburb_B,468231.0
7232,1,2009,1872,1705,1,1,3,Uptown,369434.0
13485,7,1995,2378,1625,4,3,3,Suburb_A,408634.0
7797,5,1999,1307,2851,5,3,1,Uptown,525221.0
14342,5,1997,898,1261,1,3,1,Suburb_A,242096.0
10038,2,1955,1098,1404,1,2,1,Suburb_B,216792.0
18002,4,2005,1189,3051,3,1,0,Suburb_B,423342.0
15087,6,2008,1212,3774,4,2,0,Rural,432322.0
6873,10,1978,2125,1135,5,3,3,Rural,285267.0
3481,7,2020,687,1991,2,3,3,Suburb_B,356243.0
12093,5,1967,2068,1835,1,2,3,Suburb_B,354751.0
16422,9,1951,565,3224,5,2,2,Downtown,632220.0
18438,3,1957,1207,3880,2,1,1,Downtown,677890.0
9643,1,2003,1894,3410,4,3,3,Uptown,581107.0
17708,4,1987,826,2520,4,2,1,Rural,282568.0
13271,9,1997,1351,2764,5,3,0,Rural,369785.0
19216,4,1976,2226,1227,2,3,1,Suburb_B,328540.0
14600,2,1969,1811,1348,4,1,2,Suburb_B,265321.0
12998,10,1961,1082,704,5,1,2,Uptown,335318.0
16295,5,1992,1350,3142,4,1,1,Rural,359057.0
12682,3,2010,1644,645,4,2,2,Downtown,309270.0
18380,9,1980,190,3470,4,3,2,Suburb_A,515066.0
10519,4,2010,1223,1954,3,2,0,Uptown,392183.0
5300,6,2023,1335,1839,2,2,3,Suburb_A,346335.0
8722,2,2016,707,1581,5,1,2,Downtown,336000.0
9218,6,1984,378,1559,5,3,3,Downtown,385000.0
5054,3,1964,386,2115,2,3,1,Suburb_A,280151.0
15575,9,1965,2284,2436,2,1,1,Uptown,552019.0
9970,2,1962,615,3492,2,3,2,Suburb_A,431137.0
4143,9,1984,1542,3096,2,1,1,Uptown,579133.0
11503,5,2008,2330,3183,1,2,0,Uptown,576612.0
17149,8,1970,2048,3158,5,2,2,Suburb_B,515731.0
14175,2,2003,1754,2081,1,1,2,Rural,258697.0
10356,6,1979,463,2159,4,2,2,Rural,258462.0
17070,3,1997,966,3187,4,2,1,Downtown,568653.0
2822,10,1984,171,2107,5,1,1,Suburb_B,333033.0
19327,5,1987,1146,2663,4,2,2,Rural,328535.0
16289,8,1980,842,2600,2,3,3,Uptown,533997.0
8150,10,1973,1321,2890,1,2,1,Uptown,566763.0
6425,1,1998,1908,2573,2,1,1,Suburb_A,355826.0
18032,5,1981,689,3878,4,3,2,Suburb_A,517104.0
4198,3,2004,1507,1511,1,3,3,Uptown,345736.0
5452,4,2007,2212,1894,2,2,2,Uptown,433473.0
11106,2,1952,2024,3408,5,3,1,Suburb_A,481570.0
15859,9,2018,1722,2402,2,1,2,Rural,368262.0
19692,3,1959,382,3352,4,3,2,Downtown,591572.0
10705,2,1974,2256,2353,1,2,2,Suburb_A,368995.0
12112,10,2017,1412,714,5,2,3,Rural,237913.0
6841,9,2010,1583,2203,1,3,2,Rural,319451.0
17358,7,1978,2271,1922,5,1,1,Rural,337567.0
3409,6,1968,2050,2460,1,1,2,Suburb_B,368270.0
6566,1,1992,371,3044,4,2,3,Suburb_B,391030.0
13382,5,2015,1710,3041,5,2,0,Rural,353359.0
19939,3,2023,1469,1698,3,1,3,Uptown,411063.0
16596,1,2010,610,1577,1,3,2,Suburb_B,243327.0
2804,4,1992,115,2105,1,3,0,Suburb_A,276659.0
15221,2,1974,446,1726,2,3,2,Suburb_B,237781.0
3279,2,1969,1391,896,5,3,3,Uptown,286188.0
15192,3,1997,1340,3649,3,1,0,Downtown,629570.0
9083,8,1973,414,2825,4,2,0,Suburb_B,392301.0
13093,8,1960,1808,3886,2,2,2,Rural,478404.0
19771,7,2004,1047,3614,3,3,2,Rural,429337.0
14880,6,1977,1873,2962,5,1,3,Rural,366143.0
17517,9,2018,1073,1662,3,1,2,Downtown,462852.0
4106,4,2012,717,858,1,3,0,Uptown,236787.0
18086,1,2008,1358,2654,1,3,1,Suburb_A,408411.0
6831,8,1954,1605,2696,2,3,1,Uptown,560039.0
5186,7,2000,2318,2808,5,2,3,Downtown,613365.0
4573,7,1970,561,2492,5,3,2,Rural,305918.0
14808,3,1961,2294,775,3,2,3,Uptown,337910.0
4599,4,1999,386,3673,2,1,1,Suburb_A,431738.0
6033,10,1953,701,1600,5,1,1,Rural,240561.0
10428,9,1991,972,2518,1,2,2,Suburb_A,399121.0
3304,6,1987,1384,3102,3,2,0,Suburb_B,421085.0
19685,5,1974,983,2267,4,2,2,Suburb_A,392212.0
10633,3,1963,1511,875,1,2,1,Rural,196157.0
13372,9,1981,351,3145,2,3,0,Suburb_B,464679.0
10996,5,1960,1724,1275,5,1,3,Rural,219042.0
18458,5,2010,1951,2423,1,3,1,Rural,356209.0
7475,4,1967,1279,1651,4,2,3,Suburb_B,266910.0
9184,4,1976,1907,1956,4,3,0,Suburb_A,355038.0
14875,1,2004,752,3672,2,3,3,Downtown,602041.0
3622,7,2003,1024,3859,1,1,1,Downtown,661718.0
17988,9,1970,545,2703,3,3,2,Downtown,576625.0
10041,3,1993,1469,1146,1,1,3,Downtown,335334.0
18725,2,1954,78,1735,4,2,1,Uptown,310031.0
9992,3,1990,1259,3981,2,3,1,Downtown,683365.0
17646,1,2008,2381,2683,2,2,0,Suburb_B,424980.0
19029,6,2003,888,2640,3,1,1,Downtown,535694.0
6263,7,2023,1105,1038,2,2,2,Rural,218233.0
16060,2,1971,1990,2352,2,2,2,Downtown,540584.0
17156,8,2014,1500,2215,2,1,3,Suburb_A,417421.0
10646,6,2013,920,2449,2,2,3,Suburb_B,403982.0
13664,4,2020,549,3242,2,2,3,Suburb_B,415716.0
4969,5,1953,2061,2200,4,2,3,Uptown,494565.0
5028,8,2014,391,3996,1,3,2,Rural,393280.0
5629,3,1964,2357,2263,5,2,0,Suburb_B,383693.0
5067,3,1971,2433,906,2,1,3,Suburb_A,266291.0
7941,4,1996,1380,1218,5,3,0,Downtown,327599.0
19770,1,1995,973,1732,5,3,1,Suburb_B,321723.0
13555,9,1963,339,1995,4,1,1,Suburb_A,336292.0
15081,8,1999,756,3004,2,2,3,Downtown,584422.0
8819,8,1969,1045,2828,5,3,1,Uptown,530043.0
13046,10,1999,2338,1979,2,3,0,Suburb_B,462941.0
19717,6,1982,2353,2299,3,3,0,Suburb_B,413358.0
4711,7,2008,938,2715,3,2,1,Suburb_A,417310.0
6853,6,1992,847,2939,3,3,3,Rural,316989.0
9715,9,1961,441,3339,5,1,0,Uptown,547137.0
10942,3,1989,129,780,3,2,0,Rural,102404.0
17507,3,1969,596,3081,4,1,2,Suburb_B,404622.0
17826,3,1987,1958,2087,4,1,3,Rural,295383.0
3762,10,1952,1505,1513,5,3,2,Downtown,443506.0
17850,3,1977,861,2157,2,3,1,Uptown,424623.0
14112,9,2005,998,2713,1,3,1,Rural,360652.0
14652,4,1962,2372,1644,2,1,2,Downtown,462198.0
8122,7,2015,2495,2235,2,2,3,Suburb_A,465746.0
2481,9,1986,1551,3031,2,3,0,Rural,359638.0
16536,7,1998,1640,2238,2,3,1,Uptown,510076.0
2153,9,2015,1511,2182,1,1,3,Downtown,508870.0
9617,3,1985,1736,2686,3,2,3,Rural,299441.0
3524,4,2003,1449,1908,2,1,1,Suburb_A,323096.0
4120,8,1975,1857,1421,4,3,1,Rural,263228.0
17048,6,2021,264,1201,5,1,3,Downtown,348247.0
4343,5,1989,1462,2220,5,3,0,Rural,290981.0
7136,4,1992,156,1384,4,2,2,Uptown,304019.0
3240,8,1971,1445,1811,2,1,1,Suburb_B,323254.0
2060,1,1969,2298,1270,1,3,2,Downtown,332714.0
11130,9,1957,1632,1866,3,3,3,Downtown,512564.0
14312,1,1978,2374,1696,5,3,2,Downtown,451985.0
15350,8,1989,894,3126,3,3,0,Downtown,633796.0
14418,4,1979,2144,2597,1,1,3,Rural,335661.0
3252,9,2004,512,3208,5,3,0,Uptown,537407.0
10363,5,1965,215,700,3,1,3,Suburb_A,195282.0
11650,3,1995,2172,3161,1,3,0,Uptown,578827.0
18314,9,2011,1706,2379,3,1,3,Downtown,601044.0
6090,9,1956,2106,775,2,1,0,Rural,228600.0
8960,4,1994,1567,837,1,3,3,Rural,206678.0
5004,4,2008,2208,3557,3,3,0,Downtown,664017.0
18713,8,2005,2331,3730,2,3,3,Rural,457310.0
5640,2,1997,2153,1722,2,3,0,Downtown,414717.0
3341,9,1976,1128,3518,1,2,1,Uptown,607077.0
13855,6,2002,227,2577,4,3,2,Suburb_B,372840.0
2338,9,2022,2365,3142,5,3,3,Rural,404978.0
7895,8,1984,1487,3594,1,3,0,Downtown,681126.0
14254,7,2000,801,2603,2,1,1,Downtown,494942.0
13344,1,1986,1622,2137,2,3,3,Rural,267291.0
3750,3,2006,1905,1354,1,1,3,Suburb_A,296120.0
4421,2,1957,471,3968,4,1,3,Downtown,609947.0
9119,5,1969,1079,2858,5,1,2,Rural,266298.0
7319,5,2002,2060,1746,3,1,0,Downtown,442447.0
17896,5,1961,1041,3900,1,2,0,Suburb_A,530820.0
13918,4,1998,2160,2011,5,3,3,Suburb_B,371685.0
15849,5,1966,228,739,5,1,3,Suburb_A,199830.0
6873,3,2013,170,1140,2,3,3,Uptown,269986.0
6806,1,1991,294,2014,3,1,1,Rural,191683.0
10592,5,1978,188,869,1,2,3,Suburb_A,223494.0
14182,9,1968,425,1635,2,1,2,Suburb_B,292996.0
18774,9,1960,976,2490,2,3,0,Downtown,578817.0
14045,4,1999,1102,1105,4,3,2,Rural,207599.0
6430,3,2020,918,1729,5,2,3,Suburb_A,289845.0
10820,1,2007,498,2679,1,3,1,Suburb_B,352318.0
6232,2,1983,1821,3745,1,3,3,Suburb_A,490317.0
13122,8,1969,865,3842,1,1,3,Uptown,626028.0
17023,1,1999,825,2472,2,3,3,Rural,285570.0
10007,8,1959,1858,1692,4,1,3,Downtown,484329.0
19905,7,1981,2118,1412,3,2,3,Suburb_B,363269.0
11018,8,2001,2295,961,2,3,0,Suburb_A,319845.0
3500,6,1964,145,2056,3,1,2,Rural,209881.0
8737,9,1952,1641,1528,4,3,1,Suburb_A,349142.0
5294,3,1986,1319,699,5,1,3,Rural,179452.0
6497,10,1989,469,2281,1,2,1,Uptown,428438.0
19850,4,2021,192,2656,3,1,0,Suburb_A,398436.0
2614,6,1989,1091,3344,2,3,2,Uptown,564210.0
11374,8,2005,51,1652,3,1,3,Suburb_B,279666.0
4667,5,1972,2410,3785,5,3,0,Uptown,636949.0
15409,3,1960,1820,3109,1,2,0,Rural,319002.0
18514,6,2013,1869,1520,3,1,2,Suburb_B,337600.0
4983,4,1957,1786,3814,5,3,3,Suburb_A,531091.0
14651,9,2005,1454,3037,2,3,2,Suburb_A,514105.0
10230,3,2009,1867,1231,4,3,2,Rural,254331.0
8640,4,1959,2007,1281,2,1,1,Downtown,378099.0
13779,7,1988,1434,2804,1,1,1,Downtown,574355.0
17317,7,1977,839,2982,2,1,2,Suburb_A,471353.0
19304,4,1998,240,2907,2,2,1,Rural,307810.0
9564,6,1985,535,2729,2,3,0,Downtown,530634.0
17520,3,1962,1407,1353,2,3,2,Uptown,339656.0
15737,6,1985,82,2064,1,2,3,Suburb_A,312130.0
11323,2,1975,981,3843,5,2,3,Uptown,564253.0
17229,8,1953,950,3902,3,1,0,Rural,413609.0
13713,2,2013,610,1319,4,1,3,Uptown,276338.0
10502,7,1987,573,674,3,1,3,Downtown,262114.0
2545,9,1971,2333,1893,3,1,2,Downtown,533685.0
6346,1,1951,988,2522,4,1,0,Suburb_B,288410.0
11996,8,1980,458,3273,1,1,2,Suburb_A,461749.0
17775,7,1960,2173,661,4,2,0,Rural,220640.0
15919,6,1995,1522,1473,1,2,2,Suburb_A,333117.0
5810,6,2011,2472,919,3,2,2,Uptown,386087.0
9206,6,2018,1984,2749,1,3,1,Rural,339840.0
11005,9,2013,1566,2052,5,3,3,Rural,349318.0
18371,2,1959,2159,1473,4,1,0,Downtown,379842.0
14316,1,1989,2449,2345,5,2,3,Uptown,507751.0
10436,6,1973,121,3601,3,3,1,Downtown,621751.0
14984,10,1993,272,2902,4,3,0,Downtown,525600.0
2271,8,2009,1317,2155,3,2,1,Suburb_B,363391.0
12616,3,2011,397,3217,5,3,3,Downtown,562133.0
6361,10,1966,984,711,3,3,2,Suburb_A,262918.0
9069,1,2014,1230,3632,4,2,1,Rural,383848.0
19304,9,2006,1133,3984,4,3,1,Downtown,760459.0
5430,1,2004,1301,3645,3,2,2,Suburb_A,448380.0
14676,3,2002,1910,1060,4,3,3,Uptown,356002.0
12816,8,2005,1505,3355,4,2,1,Rural,419210.0
4050,3,1958,1916,1486,3,3,3,Uptown,372855.0
13692,4,1971,819,1715,5,3,2,Suburb_A,316086.0
3165,8,1962,1956,1675,4,2,0,Uptown,421587.0
4033,1,1997,2368,1119,4,3,1,Uptown,294204.0
2145,6,1967,178,1411,4,2,3,Uptown,306100.0
16269,1,1989,896,3769,4,2,2,Downtown,633386.0
9832,1,1966,2266,2883,3,3,2,Downtown,559415.0
16286,8,1964,1972,2524,5,1,1,Downtown,594605.0
4632,4,1964,1551,2204,5,3,0,Rural,261608.0
6494,1,2012,491,1526,1,1,1,Suburb_A,232648.0
17152,10,1988,60,1156,4,1,3,Downtown,364876.0
11155,7,1962,1077,3296,4,3,2,Uptown,586173.0
12426,5,1981,1703,2881,1,1,0,Uptown,532954.0
12233,5,1958,64,1655,5,2,3,Uptown,340000.0
3828,1,1989,585,3960,2,2,1,Uptown,547457.0
14260,10,1969,1727,1178,2,1,2,Suburb_B,326993.0
11130,6,2022,2218,1141,5,2,1,Rural,256053.0
6805,9,2012,534,2761,4,3,0,Suburb_A,432958.0
2806,9,1993,2155,2851,2,2,0,Suburb_A,490583.0
10202,8,1987,1870,1652,3,1,0,Downtown,472374.0
3868,5,2009,1004,3290,3,3,0,Suburb_B,412375.0
16561,1,2020,2499,1073,1,2,0,Suburb_A,275647.0
17512,9,1997,1229,3344,5,3,1,Rural,409825.0
16899,1,1967,1039,2900,5,1,0,Uptown,477787.0
18220,8,1965,326,1504,2,2,0,Downtown,407348.0
17934,5,2004,607,2545,4,3,2,Rural,296760.0
7429,3,1988,1,985,5,3,0,Suburb_A,197085.0
11076,7,2017,1033,661,2,2,2,Suburb_B,220378.0
5564,7,2008,2481,1114,2,3,2,Downtown,452866.0
3389,9,2011,124,1029,5,3,2,Suburb_A,282153.0
13593,7,1962,1104,1179,2,1,1,Downtown,333090.0
9274,3,1955,1861,2160,1,1,1,Suburb_A,347945.0
19208,1,2009,1173,1764,1,1,3,Uptown,328304.0
19320,8,1963,128,3390,5,1,3,Suburb_B,438362.0
12745,3,2003,437,1923,4,1,2,Uptown,331700.0
16199,8,1953,750,3322,1,1,1,Suburb_A,486825.0
17876,8,1988,1221,2958,1,2,0,Rural,366884.0
10245,5,2021,2258,1070,5,1,3,Uptown,391594.0
9214,1,1974,901,2016,3,3,1,Rural,237445.0
2726,10,1981,2092,2265,2,2,0,Suburb_A,440435.0
15832,7,2008,1302,2068,1,3,0,Suburb_B,370142.0
13362,10,2012,1433,1408,3,1,1,Rural,267608.0
12106,5,1987,390,771,4,1,3,Suburb_A,222829.0
9657,8,2002,1067,3223,3,3,1,Rural,375195.0
16551,9,2016,26,630,5,3,3,Uptown,298680.0
9906,7,1977,547,646,4,3,2,Suburb_A,186367.0
9287,7,1952,566,729,4,2,1,Uptown,238654.0
2892,1,1971,703,2999,3,1,1,Downtown,477570.0
12222,4,1987,1242,1577,5,3,3,Suburb_A,313903.0
6675,2,2021,184,2245,1,1,3,Rural,203318.0
3933,2,2021,1590,2204,3,3,1,Downtown,462377.0
19764,2,2011,1913,657,1,1,0,Uptown,274055.0
13873,4,2006,847,1729,3,2,0,Uptown,355816.0
19674,1,1955,598,3459,1,1,0,Rural,343619.0
15239,4,1981,805,1953,3,3,2,Downtown,452059.0
12874,2,1959,1357,1367,4,1,2,Suburb_B,253490.0
19602,5,1952,2126,1282,2,2,3,Rural,268295.0
7016,3,2008,1878,2608,4,2,2,Uptown,464509.0
15774,8,1998,2460,3833,1,1,0,Suburb_A,615969.0
11752,4,2008,545,3644,5,3,1,Downtown,605868.0
19338,1,1980,1632,2933,4,2,2,Suburb_B,398544.0
17585,1,2018,2216,3742,2,2,2,Suburb_A,511546.0
9291,10,2011,2079,2390,1,1,0,Downtown,556466.0
2974,3,2001,2334,2077,4,2,2,Rural,304035.0
6133,9,1990,1926,1485,3,2,3,Rural,289352.0
16663,7,1980,616,996,5,3,1,Downtown,336820.0
5972,2,1971,2317,2138,1,3,0,Suburb_B,357917.0
7295,9,1953,1203,2673,4,3,3,Downtown,575126.0
15913,10,1962,1759,912,1,1,0,Suburb_A,312469.0
11105,2,1994,225,2773,3,2,3,Suburb_A,355309.0
10228,3,1991,669,2188,2,1,1,Rural,239149.0
11903,10,1998,1763,1821,4,2,1,Downtown,513304.0
5020,2,1969,916,1410,1,2,3,Rural,171267.0
10987,3,2003,2173,2835,1,2,3,Suburb_B,441055.0
14880,6,1985,2121,3345,1,3,3,Suburb_A,550062.0
7233,9,1950,1214,3457,2,1,3,Uptown,602608.0
11516,9,1964,1705,3363,1,1,3,Uptown,609494.0
16559,7,1966,1842,2632,5,2,3,Downtown,651289.0
18701,3,1973,1983,2107,5,1,1,Downtown,499648.0
4396,4,2007,55,1049,1,3,3,Uptown,240747.0
3591,6,2021,719,3170,5,1,2,Downtown,551849.0
13303,5,1972,2079,2494,4,2,1,Suburb_A,456526.0
8183,2,1995,573,1977,5,3,0,Suburb_B,301384.0
3312,6,2021,666,3633,1,3,1,Suburb_B,430163.0
9314,3,1957,283,3305,3,2,0,Rural,305143.0
4139,8,2008,1744,1196,4,1,0,Suburb_A,304185.0
16688,2,2008,2234,2747,2,2,2,Downtown,615741.0
8924,1,1962,497,1215,1,1,3,Downtown,273805.0
2362,9,1988,1465,1547,2,1,3,Rural,235162.0
15481,3,1977,129,2181,3,3,1,Rural,229369.0
5738,1,2010,638,1155,2,2,3,Downtown,250997.0
4469,7,1965,2161,877,1,3,2,Downtown,376093.0
18106,10,1951,2060,2613,1,2,1,Suburb_A,516907.0
18940,5,1966,2491,1090,3,2,1,Rural,253574.0
11017,5,1979,2494,854,1,3,1,Suburb_A,300367.0
4808,1,1962,985,3028,3,2,3,Downtown,492554.0
18370,9,1962,992,1491,3,2,3,Uptown,424075.0
16870,7,1992,2121,1141,1,1,3,Uptown,392259.0
14713,8,1970,100,1887,5,2,1,Downtown,402199.0
9561,9,2004,2223,2233,3,2,1,Rural,350473.0
4719,6,1989,426,1424,1,3,0,Uptown,301587.0
13700,5,1964,40,3526,5,3,0,Rural,329414.0
5741,6,2022,428,1952,3,2,3,Uptown,410908.0
11766,2,2001,343,3786,5,1,1,Rural,337737.0
5998,4,2023,365,3947,4,1,3,Uptown,592482.0
18077,3,2002,608,880,4,3,3,Rural,172461.0
2294,7,2001,727,1898,5,2,0,Suburb_A,347644.0
12177,9,1979,2276,1372,3,2,2,Rural,284535.0
11882,5,1982,824,3490,1,1,3,Suburb_A,446881.0
3136,6,2006,1375,3366,2,1,2,Suburb_A,489388.0
4064,10,2001,888,927,1,1,2,Downtown,360091.0
9009,2,1958,2043,2858,2,3,1,Suburb_A,424147.0
14987,3,2003,1341,3374,2,2,1,Suburb_B,461307.0
6543,3,1950,1296,1522,3,3,3,Suburb_A,289438.0
3007,9,1993,116,1151,5,2,0,Rural,182734.0
7445,7,1958,2415,2673,1,3,0,Suburb_A,477929.0
12706,8,1981,1117,2674,5,2,3,Rural,334641.0
16749,10,1964,167,1301,4,1,3,Rural,230302.0
13718,9,1961,1738,3754,3,1,0,Suburb_B,544226.0
11439,6,2006,1364,2519,3,1,2,Suburb_A,420637.0
15281,4,1957,694,3329,4,3,3,Suburb_A,453395.0
3435,1,2021,924,3060,1,1,2,Uptown,485619.0
2571,8,1976,151,766,4,2,3,Uptown,267586.0
4382,7,2011,585,768,1,3,3,Downtown,301507.0
7084,2,1961,912,828,2,2,2,Rural,163673.0
18661,8,2014,2321,2602,3,3,2,Suburb_B,487873.0
15507,5,1991,1577,966,1,2,0,Uptown,312036.0
9059,7,2011,495,1127,5,2,3,Suburb_A,253932.0
14771,4,1960,2148,1390,5,3,1,Downtown,422747.0
19649,5,1992,556,1123,3,3,1,Suburb_B,235598.0
9491,8,1966,1105,1695,4,1,3,Suburb_A,336512.0
16527,1,1981,1552,2268,4,1,3,Suburb_A,372491.0
19424,1,1989,2120,2753,1,2,3,Rural,349845.0
16859,4,1972,156,3379,4,2,2,Rural,351110.0
10073,3,2005,734,2508,3,2,1,Uptown,410397.0
11077,10,1955,2179,3612,1,3,1,Uptown,705392.0
13383,2,1999,1427,1905,2,3,1,Suburb_A,347431.0
18378,3,1986,558,732,4,1,3,Suburb_A,201205.0
4353,1,2013,2154,3181,4,2,2,Uptown,566099.0
6799,1,2003,2312,3622,1,1,3,Uptown,610522.0
19070,6,2021,154,2916,5,3,0,Suburb_A,411836.0
13939,5,1998,996,3320,4,3,0,Suburb_B,487494.0
4428,8,1960,2294,2242,3,3,1,Suburb_A,422701.0
13296,2,1998,530,3438,4,1,3,Suburb_B,434673.0
9813,4,1970,1971,2488,2,3,0,Suburb_B,405104.0
16414,8,2015,728,2370,4,2,0,Suburb_A,388933.0
13801,6,2012,1177,617,5,1,3,Downtown,319141.0
13745,1,1977,153,2377,4,3,2,Uptown,394246.0
15025,4,1966,91,716,1,1,3,Rural,113825.0
5356,1,1955,2385,1397,4,1,3,Suburb_A,294961.0
16288,2,1968,1503,3815,5,3,2,Suburb_B,518536.0
8540,5,2005,1716,3198,1,3,1,Suburb_A,496433.0
18422,8,1977,2497,3576,3,1,1,Uptown,695936.0
5342,8,2015,2016,2311,1,1,1,Suburb_B,425130.0
11078,3,1987,786,1352,2,3,2,Rural,216164.0
4844,4,1986,272,3069,1,2,0,Rural,291681.0
12396,10,2017,2027,1992,3,1,2,Rural,322997.0
19482,6,1998,176,3293,4,1,3,Downtown,578502.0
15998,10,1992,642,3205,1,2,2,Suburb_B,477989.0
15261,3,1985,1898,2697,1,3,0,Suburb_B,430290.0
5093,2,2007,566,1277,1,3,0,Downtown,269421.0
13722,6,1962,665,705,1,2,3,Suburb_B,194308.0
13645,5,2001,1331,3887,3,3,1,Downtown,714252.0
17083,10,2007,1798,1257,5,3,0,Suburb_A,377117.0
2988,5,1981,1069,2546,5,1,0,Uptown,453271.0
8446,10,2009,2349,2048,1,1,0,Rural,320858.0
18335,5,2007,407,1695,3,1,3,Downtown,391285.0
18133,10,2005,1212,1587,3,2,0,Downtown,469580.0
3682,5,1977,1853,3489,1,3,1,Downtown,649337.0
7626,3,1950,1152,2408,2,3,3,Suburb_A,359209.0
9424,7,1991,1141,2382,1,1,1,Downtown,506926.0
14857,6,1997,143,1045,2,1,0,Uptown,253722.0
14155,4,1989,2489,2548,1,2,0,Uptown,533638.0
19317,2,2012,486,3857,2,3,1,Rural,383680.0
13425,9,2021,859,2717,2,2,3,Suburb_A,460978.0
3980,1,1953,1935,2597,1,3,3,Uptown,473056.0
17522,4,1987,147,2797,2,2,1,Suburb_B,355882.0
10984,1,1976,1359,3917,4,1,0,Suburb_B,478048.0
19175,6,1958,1357,1373,5,2,2,Suburb_B,316800.0
17883,4,1965,89,2161,3,2,1,Downtown,398208.0
7390,5,2005,1357,2275,2,1,1,Downtown,445191.0
3607,5,1980,198,1722,2,3,1,Suburb_B,228117.0
8573,9,1963,537,1901,3,3,0,Rural,227327.0
19368,1,1974,300,2186,2,1,3,Rural,239973.0
7776,2,1983,723,2286,3,2,0,Downtown,401562.0
5676,6,2016,1598,1543,1,2,1,Suburb_B,305250.0
5380,5,1973,1459,1054,4,2,0,Rural,191958.0
10711,7,2022,67,1727,4,3,0,Downtown,399188.0
10782,3,1975,1537,1545,5,2,1,Suburb_B,299908.0
19434,3,1969,397,1200,2,3,0,Suburb_A,234266.0
15997,10,2013,619,3300,5,2,2,Suburb_B,496655.0
8342,2,1959,1584,1324,1,1,0,Suburb_B,237604.0
19343,3,2016,1163,2880,4,1,0,Uptown,529884.0
8059,10,1973,729,2017,1,3,3,Uptown,418879.0
10884,1,1954,555,2124,1,3,3,Suburb_A,287752.0
7655,5,2016,1952,850,2,1,1,Suburb_A,274103.0
14091,5,2007,1751,2144,1,1,1,Suburb_B,382251.0
17251,7,1976,2329,678,4,2,3,Rural,245194.0
2526,4,1964,995,3723,5,1,2,Suburb_A,474906.0
5224,3,1984,1959,1497,4,3,0,Suburb_B,319461.0
17069,1,2002,1601,3568,2,1,2,Downtown,629064.0
13536,8,1993,1480,1380,4,3,2,Uptown,416489.0
15547,3,1975,2134,825,3,3,3,Rural,233060.0
3763,2,1996,1102,1674,5,2,1,Suburb_B,272199.0
10712,4,1983,2351,1809,3,2,0,Downtown,482715.0
7797,3,1999,1403,1657,3,2,1,Uptown,374722.0
11208,1,1961,2177,1402,2,2,2,Downtown,371368.0
7109,3,1953,1299,1341,1,1,2,Suburb_B,265734.0
18500,2,1997,1722,2778,3,2,1,Suburb_A,396561.0
4433,8,2004,898,3670,4,1,1,Uptown,576663.0
18967,6,1950,1206,3279,1,2,3,Downtown,623195.0
6167,9,2015,1535,3485,4,2,1,Suburb_A,532335.0
19773,8,1979,77,3406,4,3,1,Rural,377772.0
10357,10,1952,1532,1303,1,1,3,Suburb_B,308122.0
8154,3,1970,237,3144,1,3,1,Suburb_B,369469.0
10920,5,1998,1157,2026,4,2,2,Uptown,423873.0
19162,7,2011,1996,2970,2,1,1,Downtown,680111.0
2213,5,1987,1215,3881,5,2,0,Rural,377338.0
5762,8,1964,277,1214,5,3,2,Uptown,290834.0
15399,5,2001,523,928,2,1,3,Uptown,291520.0
11768,1,1995,179,1995,1,3,2,Downtown,341500.0
12640,5,1974,122,2083,4,2,3,Rural,245929.0
8731,4,1970,1269,732,5,2,0,Downtown,269760.0
7791,6,1954,1757,1434,4,2,0,Suburb_B,311480.0
17822,3,2019,1094,3298,2,1,2,Suburb_A,442934.0
10783,5,1996,479,720,4,3,1,Suburb_B,155338.0
15621,2,2017,1797,3253,2,3,2,Suburb_B,481278.0
18019,6,1967,2131,2075,1,2,2,Uptown,496810.0
4720,6,1970,2404,1564,2,3,0,Suburb_B,349350.0
10905,5,1972,815,728,2,1,3,Rural,179037.0
11127,6,2013,442,3762,5,2,2,Suburb_B,470117.0
18385,7,2016,142,2198,4,2,1,Rural,279366.0
8368,5,1989,191,2676,5,2,0,Downtown,480035.0
16056,1,1959,1410,3369,3,1,2,Uptown,539591.0
14236,8,2001,377,2147,2,2,2,Rural,274783.0
16451,4,2021,534,932,3,2,1,Suburb_B,213487.0
19301,9,2010,1716,3968,5,2,2,Uptown,761581.0
12433,10,2013,1032,1753,4,2,2,Uptown,448947.0
17525,6,1954,1410,1916,5,3,2,Rural,301315.0
2089,1,2002,2140,1796,4,2,2,Rural,250898.0
12361,3,2004,1989,3591,4,1,1,Suburb_A,502633.0
18369,3,1986,1177,3695,1,2,2,Suburb_A,507131.0
5041,10,2005,404,3770,2,2,2,Uptown,597785.0
2105,4,2008,1172,2029,5,3,2,Suburb_A,347586.0
11078,6,2018,888,955,4,2,0,Suburb_B,252093.0
8090,7,2022,421,738,5,3,1,Downtown,308610.0
8082,10,2008,1641,2126,5,1,0,Uptown,486640.0
19018,4,1951,471,1797,4,3,0,Downtown,384343.0
3925,6,2014,546,628,3,2,1,Suburb_A,195056.0
8917,1,2009,630,1530,2,1,0,Rural,167648.0
2552,8,2000,1037,3143,2,2,0,Uptown,513384.0
5911,7,1979,1829,1613,1,3,0,Suburb_A,332497.0
5389,9,1960,363,3302,1,1,1,Suburb_B,430081.0
15629,3,1988,2166,1427,1,1,2,Uptown,395923.0
4430,2,2021,545,950,2,3,3,Uptown,258726.0
2458,1,2012,633,3201,3,3,3,Rural,307095.0
15395,3,2013,1936,2624,2,1,1,Uptown,514422.0
2207,5,2010,1680,898,2,1,3,Rural,205079.0
2899,2,2003,962,2343,2,3,1,Suburb_A,299990.0
13653,3,2022,882,2465,2,2,1,Suburb_B,335848.0
18405,4,2007,870,1815,3,1,3,Suburb_B,315948.0
10601,7,2005,515,2295,1,3,0,Uptown,456467.0
2894,3,1983,1420,2711,5,2,2,Uptown,484981.0
2514,9,1980,865,1354,1,1,3,Suburb_A,294628.0
6109,8,2001,2153,1369,1,1,3,Rural,260657.0
15258,4,1950,1108,1838,5,3,3,Suburb_B,333558.0
17313,1,2004,213,1433,2,2,3,Rural,171946.0
17349,1,1971,2244,2813,3,1,1,Suburb_A,425814.0
9179,1,1989,18,2506,3,2,1,Suburb_B,280974.0
12326,1,1950,641,3903,1,2,2,Suburb_B,460569.0
13787,8,2014,1104,2164,5,1,2,Downtown,507138.0
3560,3,2012,329,1818,4,2,3,Suburb_A,270273.0
15612,6,2003,865,1105,2,1,3,Suburb_A,279145.0
19650,3,1991,773,1957,1,2,3,Downtown,409887.0
6780,5,1970,391,3440,3,1,2,Rural,337552.0
13894,7,1971,636,3975,5,3,3,Downtown,716225.0
4356,2,1987,2354,3480,5,1,0,Suburb_A,482581.0
6790,6,1957,1025,2060,1,1,2,Rural,252062.0
18690,6,2011,1674,3994,4,1,0,Suburb_B,538696.0
12181,3,1996,739,3505,3,2,3,Downtown,619024.0
9057,6,1966,1545,2016,1,3,1,Rural,282787.0
18082,10,1966,468,3453,4,2,0,Rural,375434.0
2661,10,1962,2259,1772,5,2,2,Rural,312984.0
6644,5,1966,1135,1360,2,1,0,Downtown,337898.0
17711,2,1987,1031,1432,3,2,2,Suburb_B,231343.0
4920,9,1994,873,2028,3,1,3,Rural,299931.0
18002,8,1955,459,882,4,3,0,Downtown,312388.0
16025,3,1984,2300,978,1,2,1,Suburb_A,314927.0
10946,8,1963,1549,797,5,2,0,Downtown,367563.0
14732,9,2021,751,3662,4,2,1,Downtown,679203.0
8236,3,2010,1461,3671,2,1,2,Downtown,628709.0
18309,3,1964,1777,1155,2,1,3,Rural,231958.0
15518,2,2003,853,955,2,2,3,Downtown,285274.0
2352,8,1976,2283,2163,4,2,1,Suburb_A,439242.0
9005,10,1962,1329,1640,5,3,2,Rural,280335.0
16036,1,1980,477,3286,3,3,3,Suburb_A,424377.0
18542,8,1984,2263,978,1,3,2,Uptown,423782.0
2956,7,2009,134,1279,3,3,1,Downtown,326479.0
4071,7,1955,1152,3153,5,3,1,Rural,341835.0
10595,3,2018,409,2379,3,1,0,Rural,255919.0
17140,1,2007,1445,1498,4,3,3,Downtown,397184.0
14803,4,1998,1317,675,2,3,3,Suburb_B,214460.0
5453,9,1972,1269,830,5,2,0,Suburb_B,233709.0
8675,5,1983,1579,2339,5,1,1,Suburb_A,363593.0
2955,1,1975,85,1561,3,3,1,Downtown,264841.0
8295,5,1996,1865,3919,4,3,1,Downtown,722385.0
17921,8,1954,1469,2949,3,3,1,Uptown,594459.0
17282,8,1969,377,3373,3,2,2,Suburb_B,476271.0
6703,5,1955,1680,2862,5,2,3,Suburb_B,423628.0
8563,9,2019,1074,3829,3,2,3,Downtown,722281.0
14003,1,2008,241,2716,2,3,1,Suburb_A,338989.0
12817,4,2013,919,992,3,2,1,Downtown,310491.0
13171,3,1967,1586,1708,2,3,1,Suburb_A,336827.0
14582,2,1953,2313,866,5,1,3,Suburb_B,260491.0
14201,8,1966,1271,1692,4,3,3,Uptown,459727.0
19778,7,1963,69,1210,2,2,1,Rural,210330.0
14473,9,1962,2104,1970,4,1,2,Suburb_B,428971.0
11461,2,1956,1405,1608,4,3,0,Suburb_A,294513.0
17596,4,1993,2086,1561,2,1,0,Downtown,426001.0
2529,6,1964,2007,3375,5,1,0,Suburb_B,483407.0
14765,3,1968,800,1272,1,1,3,Uptown,287669.0
15910,8,2012,1041,3070,4,3,3,Suburb_A,511756.0
13561,3,1984,824,3845,4,2,0,Downtown,623386.0
11131,2,1984,755,2300,5,3,0,Rural,244744.0
2525,3,1968,2399,2762,5,2,2,Suburb_A,460496.0
18385,6,1969,1995,2867,3,3,3,Downtown,627884.0
2374,2,1984,1839,630,5,3,3,Rural,182540.0
14197,8,1981,1321,1966,4,3,0,Downtown,509268.0
6648,1,1997,2330,2000,2,2,2,Rural,269771.0
4365,7,1993,1609,1753,1,3,2,Rural,239778.0
19909,2,1973,109,1216,3,1,0,Rural,180659.0
3646,10,2010,1016,1138,2,3,0,Downtown,362968.0
2013,6,1966,1961,3386,1,1,3,Rural,392302.0
6599,2,2020,1769,3673,1,2,0,Suburb_A,477810.0
4278,2,1999,24,1470,1,2,1,Uptown,229765.0
16296,10,2014,842,700,2,3,2,Uptown,343494.0
5155,8,1981,737,3729,3,3,0,Rural,396037.0
10321,2,1985,2104,2012,3,3,1,Uptown,415364.0
5814,7,1962,179,3339,1,1,2,Uptown,532799.0
15125,3,2019,231,1540,2,2,1,Rural,192381.0
5216,8,2007,1917,940,1,1,1,Rural,219564.0
4113,7,1963,342,3508,5,1,0,Suburb_A,448594.0
12238,8,1986,476,1643,3,3,2,Suburb_B,293145.0
15760,7,2017,1822,3926,4,3,1,Downtown,781460.0
14588,6,1989,454,3988,1,1,3,Rural,400348.0
5374,7,2008,1255,637,5,1,2,Rural,169426.0
8430,5,1965,288,1259,3,3,3,Uptown,306462.0
13970,7,2011,1236,2633,2,3,0,Suburb_A,438043.0
2629,1,1953,2305,2160,3,1,3,Uptown,421406.0
18653,1,1994,529,2256,2,3,2,Rural,278653.0
